playerId,season,name,team,position,situation,games_played,icetime,xGoals,goals,unblocked_shot_attempts,xRebounds,rebounds,xFreeze,freeze,xOnGoal,ongoal,xPlayStopped,playStopped,xPlayContinuedInZone,playContinuedInZone,xPlayContinuedOutsideZone,playContinuedOutsideZone,flurryAdjustedxGoals,lowDangerShots,mediumDangerShots,highDangerShots,lowDangerxGoals,mediumDangerxGoals,highDangerxGoals,lowDangerGoals,mediumDangerGoals,highDangerGoals,blocked_shot_attempts,penalityMinutes,penalties
8481020,2024,Justus Annunen,NSH,G,other,26,3150.0,7.03,7.0,95.0,4.07,6.0,10.68,13.0,50.34,44.0,1.19,1.0,29.66,25.0,14.72,17.0,6.26,35.0,25.0,8.0,1.28,3.05,2.71,1.0,5.0,1.0,27.0,0.0,0.0
8481020,2024,Justus Annunen,NSH,G,all,26,81617.0,62.83,69.0,1297.0,46.18,56.0,161.96,145.0,677.88,629.0,24.27,1.0,374.65,308.0,266.69,357.0,59.58,686.0,193.0,56.0,20.45,23.83,18.55,36.0,22.0,11.0,362.0,0.0,0.0
8481020,2024,Justus Annunen,NSH,G,5on5,26,66578.0,41.16,45.0,1038.0,33.89,42.0,131.88,109.0,527.65,487.0,18.98,0.0,291.88,242.0,215.5,294.0,39.62,570.0,132.0,30.0,16.44,16.32,8.4,31.0,11.0,3.0,306.0,0.0,0.0
8481020,2024,Justus Annunen,NSH,G,4on5,26,5566.0,13.18,16.0,135.0,7.36,7.0,16.67,22.0,81.95,79.0,0.25,0.0,47.22,40.0,23.94,26.0,12.25,65.0,28.0,18.0,2.29,3.45,7.45,4.0,5.0,7.0,24.0,0.0,0.0
8481020,2024,Justus Annunen,NSH,G,5on4,26,6323.0,1.46,1.0,29.0,0.86,1.0,2.72,1.0,17.94,19.0,3.85,0.0,5.87,1.0,12.53,20.0,1.45,16.0,8.0,0.0,0.44,1.02,0.0,0.0,1.0,0.0,5.0,0.0,0.0
8478971,2024,Connor Ingram,UTA,G,other,22,1814.0,4.73,8.0,51.0,1.76,1.0,5.25,4.0,25.46,22.0,0.63,0.0,12.85,10.0,8.52,10.0,4.22,17.0,10.0,7.0,0.76,1.17,2.8,2.0,2.0,4.0,17.0,0.0,0.0
8478971,2024,Connor Ingram,UTA,G,all,22,72607.0,54.36,66.0,1181.0,40.04,57.0,151.55,113.0,616.48,558.0,20.68,0.0,326.51,294.0,245.76,308.0,52.18,618.0,170.0,51.0,17.83,20.33,16.2,29.0,27.0,10.0,342.0,4.0,2.0
8478971,2024,Connor Ingram,UTA,G,5on5,22,60590.0,40.09,43.0,934.0,29.21,41.0,123.14,90.0,484.11,440.0,17.24,0.0,256.23,238.0,196.15,249.0,38.86,501.0,122.0,38.0,14.63,14.68,10.78,23.0,16.0,4.0,273.0,2.0,1.0
8478971,2024,Connor Ingram,UTA,G,4on5,22,5558.0,7.41,11.0,163.0,8.09,14.0,19.84,19.0,84.69,74.0,0.42,0.0,49.79,39.0,26.8,32.0,7.02,82.0,28.0,5.0,1.82,3.24,2.35,3.0,6.0,2.0,48.0,0.0,0.0
8478971,2024,Connor Ingram,UTA,G,5on4,22,4645.0,1.4,2.0,23.0,0.64,1.0,2.13,0.0,15.88,18.0,2.15,0.0,4.91,4.0,11.45,14.0,1.36,15.0,5.0,1.0,0.51,0.63,0.27,1.0,1.0,0.0,2.0,2.0,1.0
8480193,2024,Daniil Tarasov,CBJ,G,other,17,1340.0,5.66,6.0,46.0,2.13,5.0,5.42,7.0,29.31,27.0,0.14,0.0,16.01,13.0,8.65,8.0,4.3,17.0,12.0,10.0,0.63,1.53,3.5,2.0,2.0,2.0,7.0,0.0,0.0
8480193,2024,Daniil Tarasov,CBJ,G,all,17,61458.0,55.59,60.0,1033.0,37.81,70.0,132.67,76.0,555.28,507.0,17.36,1.0,304.6,234.0,211.52,320.0,52.27,530.0,171.0,60.0,16.11,21.48,18.01,23.0,28.0,9.0,272.0,0.0,0.0
8480193,2024,Daniil Tarasov,CBJ,G,5on5,17,51895.0,40.28,44.0,843.0,28.29,54.0,109.17,60.0,439.15,387.0,14.55,0.0,238.39,182.0,171.2,262.0,38.83,435.0,129.0,38.0,12.98,16.08,11.22,18.0,21.0,5.0,241.0,0.0,0.0
8480193,2024,Daniil Tarasov,CBJ,G,4on5,17,4082.0,8.29,8.0,122.0,6.71,11.0,15.85,8.0,72.12,75.0,0.49,0.0,45.1,36.0,22.46,37.0,7.77,66.0,24.0,11.0,2.12,3.13,3.04,2.0,4.0,2.0,21.0,0.0,0.0
8480193,2024,Daniil Tarasov,CBJ,G,5on4,17,4141.0,0.81,2.0,14.0,0.45,0.0,1.3,0.0,10.05,12.0,1.97,1.0,3.14,2.0,7.03,9.0,0.81,8.0,5.0,0.0,0.22,0.59,0.0,1.0,1.0,0.0,1.0,0.0,0.0
8478470,2024,Sam Montembeault,MTL,G,other,49,4402.0,15.59,7.0,156.0,6.72,19.0,15.92,11.0,85.3,68.0,1.03,2.0,47.21,44.0,23.5,31.0,12.77,58.0,30.0,24.0,2.54,3.99,9.06,1.0,5.0,1.0,44.0,0.0,0.0
8478470,2024,Sam Montembeault,MTL,G,all,49,165144.0,149.78,130.0,2873.0,100.41,154.0,350.07,252.0,1485.72,1317.0,43.24,6.0,794.94,641.0,572.14,839.0,139.8,1445.0,390.0,182.0,42.12,48.33,59.33,49.0,52.0,29.0,856.0,0.0,0.0
8478470,2024,Sam Montembeault,MTL,G,5on5,49,134097.0,105.78,95.0,2240.0,72.59,120.0,284.78,198.0,1149.46,1013.0,35.37,2.0,607.82,465.0,457.44,688.0,101.58,1144.0,299.0,124.0,33.4,37.06,35.33,40.0,39.0,16.0,673.0,0.0,0.0
8478470,2024,Sam Montembeault,MTL,G,4on5,49,14018.0,25.19,24.0,413.0,19.14,15.0,42.44,41.0,211.72,194.0,1.14,0.0,126.16,119.0,65.37,86.0,22.29,201.0,53.0,31.0,4.79,6.25,14.15,6.0,7.0,11.0,128.0,0.0,0.0
8478470,2024,Sam Montembeault,MTL,G,5on4,49,12627.0,2.5,3.0,52.0,1.5,0.0,5.0,1.0,30.64,32.0,5.55,2.0,10.24,9.0,21.74,29.0,2.48,33.0,6.0,3.0,0.95,0.75,0.79,1.0,1.0,1.0,10.0,0.0,0.0
8482137,2024,Yaroslav Askarov,SJS,G,other,13,725.0,2.01,3.0,25.0,1.08,0.0,2.49,1.0,12.24,10.0,0.31,0.0,5.77,6.0,4.04,6.0,1.91,10.0,4.0,2.0,0.44,0.45,1.12,1.0,2.0,0.0,9.0,0.0,0.0
8482137,2024,Yaroslav Askarov,SJS,G,all,13,43008.0,38.69,37.0,755.0,27.48,44.0,94.2,56.0,396.58,357.0,11.46,0.0,214.78,190.0,157.04,218.0,36.93,405.0,101.0,40.0,11.37,12.67,14.65,15.0,11.0,11.0,209.0,0.0,0.0
8482137,2024,Yaroslav Askarov,SJS,G,5on5,13,36519.0,28.98,27.0,622.0,21.19,34.0,79.27,49.0,323.23,296.0,9.39,0.0,175.26,154.0,130.33,181.0,27.67,335.0,81.0,30.0,9.63,10.27,9.09,14.0,8.0,5.0,176.0,0.0,0.0
8482137,2024,Yaroslav Askarov,SJS,G,4on5,13,2774.0,7.18,7.0,95.0,4.85,10.0,11.38,6.0,53.27,41.0,0.32,0.0,31.14,29.0,16.45,21.0,6.84,51.0,14.0,8.0,1.08,1.64,4.45,0.0,1.0,6.0,22.0,0.0,0.0
8482137,2024,Yaroslav Askarov,SJS,G,5on4,13,2990.0,0.52,0.0,13.0,0.37,0.0,1.06,0.0,7.84,10.0,1.44,0.0,2.6,1.0,6.22,10.0,0.52,9.0,2.0,0.0,0.23,0.3,0.0,0.0,0.0,0.0,2.0,0.0,0.0
8479973,2024,Stuart Skinner,EDM,G,other,46,3669.0,8.89,5.0,130.0,5.1,8.0,14.8,10.0,69.03,69.0,1.28,0.0,40.77,47.0,22.93,25.0,8.4,61.0,24.0,10.0,2.52,2.88,3.49,3.0,1.0,1.0,35.0,0.0,0.0
8479973,2024,Stuart Skinner,EDM,G,all,46,159696.0,123.63,126.0,2485.0,85.7,142.0,323.42,273.0,1308.3,1220.0,47.11,4.0,699.81,558.0,504.91,679.0,118.26,1333.0,303.0,146.0,38.19,37.26,48.18,53.0,45.0,28.0,703.0,0.0,0.0
8479973,2024,Stuart Skinner,EDM,G,5on5,46,135565.0,89.72,95.0,2009.0,65.18,112.0,266.72,227.0,1043.35,964.0,39.55,4.0,553.24,425.0,411.91,560.0,86.61,1071.0,251.0,100.0,30.46,31.02,28.24,45.0,36.0,14.0,587.0,0.0,0.0
8479973,2024,Stuart Skinner,EDM,G,4on5,46,10573.0,21.8,23.0,298.0,13.47,19.0,36.46,33.0,163.11,155.0,0.81,0.0,94.03,79.0,49.73,66.0,20.07,169.0,20.0,32.0,4.23,2.33,15.24,3.0,7.0,13.0,77.0,0.0,0.0
8479973,2024,Stuart Skinner,EDM,G,5on4,46,9889.0,2.96,2.0,37.0,1.35,2.0,3.78,1.0,26.27,24.0,5.12,0.0,8.4,4.0,17.61,26.0,2.91,24.0,7.0,4.0,0.81,0.94,1.21,1.0,1.0,0.0,2.0,0.0,0.0
8478048,2024,Igor Shesterkin,NYR,G,other,50,3623.0,11.98,12.0,120.0,5.58,8.0,15.12,8.0,72.98,65.0,1.48,0.0,38.59,35.0,21.27,32.0,10.85,53.0,24.0,18.0,2.06,3.05,6.87,4.0,0.0,8.0,25.0,0.0,0.0
8478048,2024,Igor Shesterkin,NYR,G,all,50,171255.0,151.85,133.0,2967.0,108.84,161.0,376.58,269.0,1574.62,1424.0,48.8,3.0,841.44,640.0,604.16,929.0,143.82,1530.0,421.0,184.0,42.67,52.91,56.27,48.0,51.0,34.0,832.0,4.0,2.0
8478048,2024,Igor Shesterkin,NYR,G,5on5,50,138868.0,107.72,97.0,2368.0,79.01,117.0,304.16,212.0,1228.82,1109.0,38.26,3.0,656.05,486.0,488.18,762.0,103.38,1235.0,321.0,120.0,34.38,40.23,33.11,40.0,42.0,15.0,692.0,4.0,2.0
8478048,2024,Igor Shesterkin,NYR,G,4on5,50,16260.0,29.39,22.0,425.0,22.79,35.0,53.06,48.0,242.7,222.0,1.72,0.0,137.21,113.0,73.64,105.0,26.86,212.0,68.0,44.0,5.27,8.65,15.46,3.0,8.0,11.0,101.0,0.0,0.0
8478048,2024,Igor Shesterkin,NYR,G,5on4,50,12504.0,2.72,2.0,53.0,1.42,1.0,4.1,1.0,29.47,28.0,7.31,0.0,9.22,6.0,20.66,29.0,2.69,29.0,8.0,2.0,0.91,0.98,0.83,1.0,1.0,0.0,14.0,0.0,0.0
8478872,2024,Karel Vejmelka,UTA,G,other,44,3889.0,8.6,6.0,123.0,4.16,6.0,11.77,12.0,60.87,57.0,1.13,1.0,33.98,26.0,20.41,31.0,7.71,47.0,21.0,13.0,1.74,2.65,4.21,1.0,2.0,3.0,42.0,0.0,0.0
8478872,2024,Karel Vejmelka,UTA,G,all,44,155527.0,122.18,106.0,2437.0,82.31,115.0,311.05,248.0,1269.18,1164.0,47.28,7.0,669.44,590.0,494.08,659.0,117.36,1242.0,355.0,125.0,36.99,43.98,41.21,36.0,29.0,41.0,715.0,0.0,0.0
8478872,2024,Karel Vejmelka,UTA,G,5on5,44,127321.0,83.5,69.0,1880.0,58.78,89.0,249.51,198.0,972.18,876.0,39.74,6.0,510.26,442.0,388.84,523.0,81.25,983.0,260.0,81.0,28.68,32.55,22.27,29.0,21.0,19.0,556.0,0.0,0.0
8478872,2024,Karel Vejmelka,UTA,G,4on5,44,12324.0,26.63,24.0,374.0,17.38,19.0,42.85,36.0,198.68,188.0,0.64,0.0,111.56,109.0,61.18,77.0,25.0,180.0,56.0,30.0,5.46,6.69,14.48,4.0,1.0,19.0,108.0,0.0,0.0
8478872,2024,Karel Vejmelka,UTA,G,5on4,44,11993.0,1.78,3.0,40.0,1.13,0.0,4.27,2.0,23.78,29.0,5.34,0.0,7.89,9.0,17.05,19.0,1.76,26.0,6.0,1.0,0.84,0.68,0.26,2.0,1.0,0.0,7.0,0.0,0.0
8479979,2024,Jake Oettinger,DAL,G,other,48,3971.0,8.29,6.0,118.0,4.6,7.0,10.95,6.0,57.99,44.0,1.32,1.0,35.45,33.0,16.64,26.0,7.42,36.0,32.0,10.0,1.46,3.93,2.9,1.0,4.0,1.0,40.0,0.0,0.0
8479979,2024,Jake Oettinger,DAL,G,all,48,169654.0,124.58,120.0,2686.0,93.01,133.0,356.79,302.0,1444.98,1288.0,49.66,6.0,775.75,593.0,567.8,816.0,119.33,1480.0,348.0,138.0,42.33,41.28,40.97,44.0,44.0,32.0,720.0,0.0,0.0
8479979,2024,Jake Oettinger,DAL,G,5on5,48,140281.0,95.5,92.0,2212.0,71.32,104.0,300.9,254.0,1175.86,1041.0,39.9,3.0,623.6,468.0,471.73,682.0,92.16,1229.0,273.0,100.0,35.62,32.23,27.67,35.0,37.0,20.0,610.0,0.0,0.0
8479979,2024,Jake Oettinger,DAL,G,4on5,48,12210.0,18.07,16.0,309.0,15.56,22.0,39.36,40.0,176.03,162.0,0.85,0.0,105.93,87.0,56.02,76.0,17.07,182.0,33.0,26.0,4.42,3.82,9.83,4.0,2.0,10.0,68.0,0.0,0.0
8479979,2024,Jake Oettinger,DAL,G,5on4,48,13192.0,2.41,4.0,42.0,1.32,0.0,5.0,2.0,31.79,38.0,7.52,2.0,9.44,4.0,21.92,31.0,2.38,30.0,9.0,2.0,0.66,1.18,0.57,2.0,1.0,1.0,1.0,0.0,0.0
8471734,2024,Jonathan Quick,NYR,G,other,21,1947.0,2.78,3.0,44.0,1.69,0.0,5.02,5.0,23.08,19.0,0.4,1.0,13.01,9.0,7.75,14.0,2.68,14.0,17.0,0.0,0.51,2.27,0.0,0.0,3.0,0.0,13.0,0.0,0.0
8471734,2024,Jonathan Quick,NYR,G,all,21,68859.0,57.35,60.0,1143.0,41.84,66.0,154.15,80.0,626.64,577.0,20.67,3.0,336.04,274.0,244.53,373.0,55.4,620.0,180.0,55.0,18.28,22.02,17.05,26.0,23.0,11.0,288.0,2.0,1.0
8471734,2024,Jonathan Quick,NYR,G,5on5,21,58369.0,42.22,45.0,968.0,33.52,54.0,133.59,70.0,523.45,482.0,16.91,2.0,281.07,224.0,208.76,322.0,40.85,543.0,135.0,39.0,15.76,16.2,10.26,25.0,18.0,2.0,251.0,2.0,1.0
8471734,2024,Jonathan Quick,NYR,G,4on5,21,4096.0,10.62,9.0,110.0,6.08,11.0,13.44,5.0,66.03,63.0,0.59,0.0,37.7,36.0,19.05,28.0,10.14,51.0,25.0,13.0,1.7,3.22,5.71,0.0,2.0,7.0,21.0,0.0,0.0
8471734,2024,Jonathan Quick,NYR,G,5on4,21,4447.0,0.82,1.0,16.0,0.4,1.0,1.53,0.0,10.72,10.0,2.68,0.0,3.15,3.0,7.81,9.0,0.82,10.0,3.0,1.0,0.23,0.34,0.25,1.0,0.0,0.0,2.0,0.0,0.0
8482783,2024,Aleksei Kolosov,PHI,G,other,15,1491.0,3.55,5.0,47.0,1.92,3.0,5.71,3.0,28.09,22.0,0.4,0.0,13.23,9.0,12.68,18.0,3.2,24.0,11.0,3.0,0.98,1.34,1.24,3.0,0.0,2.0,9.0,0.0,0.0
8482783,2024,Aleksei Kolosov,PHI,G,all,15,46986.0,39.32,45.0,809.0,26.43,37.0,94.35,65.0,397.58,347.0,12.5,2.0,212.83,165.0,159.88,234.0,37.54,400.0,102.0,44.0,12.62,12.78,13.92,17.0,8.0,20.0,263.0,0.0,0.0
8482783,2024,Aleksei Kolosov,PHI,G,5on5,15,40666.0,27.32,32.0,671.0,20.18,29.0,77.58,56.0,315.95,272.0,11.13,1.0,171.3,126.0,128.1,192.0,26.34,330.0,77.0,28.0,10.28,9.56,7.49,14.0,6.0,12.0,236.0,0.0,0.0
8482783,2024,Aleksei Kolosov,PHI,G,4on5,15,2436.0,8.07,8.0,83.0,4.09,5.0,10.26,5.0,47.39,45.0,0.16,0.0,26.43,29.0,14.55,18.0,7.64,39.0,13.0,13.0,1.13,1.74,5.2,0.0,2.0,6.0,18.0,0.0,0.0
8482783,2024,Aleksei Kolosov,PHI,G,5on4,15,2393.0,0.37,0.0,8.0,0.24,0.0,0.79,1.0,6.16,8.0,0.82,1.0,1.89,1.0,4.56,6.0,0.36,7.0,1.0,0.0,0.23,0.14,0.0,0.0,0.0,0.0,0.0,0.0,0.0
8480382,2024,Alexandar Georgiev,SJS,G,other,41,2733.0,7.64,4.0,97.0,4.26,11.0,11.85,8.0,52.97,50.0,0.86,0.0,28.79,30.0,15.47,16.0,6.42,35.0,25.0,10.0,1.32,2.97,3.35,1.0,2.0,1.0,27.0,0.0,0.0
8480382,2024,Alexandar Georgiev,SJS,G,all,41,132444.0,117.27,134.0,2224.0,79.57,138.0,279.94,238.0,1141.5,1070.0,36.86,4.0,607.92,474.0,430.68,568.0,110.76,1101.0,311.0,142.0,32.51,39.08,45.69,47.0,50.0,37.0,670.0,0.0,0.0
8480382,2024,Alexandar Georgiev,SJS,G,5on5,41,111340.0,83.51,93.0,1807.0,59.38,95.0,225.52,196.0,896.8,835.0,30.18,3.0,479.27,367.0,349.32,475.0,79.59,892.0,241.0,94.0,25.78,30.65,27.08,38.0,36.0,19.0,580.0,0.0,0.0
8480382,2024,Alexandar Georgiev,SJS,G,4on5,41,9133.0,23.4,30.0,276.0,14.36,31.0,37.63,29.0,162.4,156.0,0.6,0.0,89.28,71.0,47.66,57.0,22.07,148.0,35.0,35.0,4.61,4.41,14.38,6.0,8.0,16.0,58.0,0.0,0.0
8480382,2024,Alexandar Georgiev,SJS,G,5on4,41,9238.0,2.13,6.0,34.0,1.21,1.0,3.75,3.0,23.32,23.0,4.95,1.0,7.27,3.0,15.85,18.0,2.1,22.0,6.0,3.0,0.62,0.63,0.88,2.0,3.0,1.0,3.0,0.0,0.0
8477968,2024,Alex Nedeljkovic,PIT,G,other,33,2763.0,6.51,9.0,90.0,3.47,5.0,8.91,10.0,44.07,43.0,1.02,1.0,23.9,22.0,14.71,13.0,6.05,32.0,19.0,8.0,1.37,2.63,2.51,1.0,6.0,2.0,31.0,0.0,0.0
8477968,2024,Alex Nedeljkovic,PIT,G,all,33,113602.0,94.41,100.0,1864.0,66.49,111.0,242.63,196.0,988.81,919.0,34.31,2.0,538.85,427.0,389.58,530.0,89.57,1005.0,261.0,100.0,28.55,32.74,33.12,39.0,33.0,28.0,498.0,2.0,1.0
8477968,2024,Alex Nedeljkovic,PIT,G,5on5,33,93938.0,67.44,72.0,1487.0,50.36,91.0,200.01,150.0,778.68,719.0,27.49,1.0,424.0,330.0,308.92,433.0,64.65,812.0,197.0,69.0,23.03,24.57,19.84,34.0,24.0,14.0,409.0,2.0,1.0
8477968,2024,Alex Nedeljkovic,PIT,G,4on5,33,8266.0,17.27,17.0,235.0,10.87,12.0,28.14,32.0,130.89,124.0,0.58,0.0,78.85,70.0,41.73,50.0,15.75,129.0,31.0,21.0,3.19,3.79,10.29,3.0,2.0,12.0,54.0,0.0,0.0
8477968,2024,Alex Nedeljkovic,PIT,G,5on4,33,8635.0,2.64,1.0,45.0,1.54,3.0,4.98,4.0,31.64,31.0,4.99,0.0,10.09,3.0,22.72,32.0,2.55,31.0,10.0,2.0,0.9,1.26,0.48,1.0,0.0,0.0,2.0,0.0,0.0
8477967,2024,Thatcher Demko,VAN,G,other,17,2040.0,6.63,9.0,61.0,2.35,7.0,6.76,2.0,32.94,30.0,0.66,0.0,16.29,17.0,9.85,8.0,5.73,21.0,10.0,12.0,0.72,1.22,4.69,1.0,3.0,5.0,18.0,0.0,0.0
8477967,2024,Thatcher Demko,VAN,G,all,17,56465.0,45.95,45.0,872.0,30.32,52.0,110.86,94.0,457.97,412.0,13.84,1.0,243.47,202.0,181.97,234.0,43.18,457.0,115.0,56.0,12.73,14.45,18.76,13.0,17.0,15.0,244.0,0.0,0.0
8477967,2024,Thatcher Demko,VAN,G,5on5,17,45490.0,29.25,26.0,684.0,22.33,37.0,90.92,79.0,354.93,315.0,10.22,1.0,191.29,156.0,145.14,192.0,27.93,382.0,77.0,32.0,10.66,9.53,9.06,10.0,10.0,6.0,193.0,0.0,0.0
8477967,2024,Thatcher Demko,VAN,G,4on5,17,4279.0,8.42,8.0,102.0,4.82,6.0,10.57,12.0,53.75,47.0,0.25,0.0,30.28,26.0,16.21,20.0,7.9,40.0,22.0,10.0,0.85,3.04,4.53,1.0,3.0,4.0,30.0,0.0,0.0
8477967,2024,Thatcher Demko,VAN,G,5on4,17,4656.0,1.33,1.0,21.0,0.65,2.0,1.97,1.0,13.16,17.0,2.61,0.0,4.36,3.0,9.23,11.0,1.31,12.0,4.0,2.0,0.41,0.44,0.48,1.0,0.0,0.0,3.0,0.0,0.0
8479496,2024,David Rittich,LAK,G,other,28,2673.0,4.09,7.0,71.0,2.53,6.0,6.96,3.0,32.72,33.0,0.84,0.0,19.32,16.0,9.88,12.0,3.92,28.0,10.0,6.0,1.11,1.07,1.9,3.0,3.0,1.0,27.0,0.0,0.0
8479496,2024,David Rittich,LAK,G,all,28,92964.0,63.77,71.0,1373.0,46.47,69.0,167.7,98.0,686.37,619.0,28.92,2.0,369.68,285.0,268.03,413.0,61.33,690.0,187.0,62.0,19.45,23.35,20.97,30.0,25.0,16.0,434.0,2.0,1.0
8479496,2024,David Rittich,LAK,G,5on5,28,78870.0,46.18,49.0,1137.0,35.96,55.0,141.47,84.0,558.16,502.0,24.53,1.0,298.78,225.0,224.65,350.0,44.48,573.0,155.0,38.0,15.68,19.2,11.3,24.0,19.0,6.0,371.0,2.0,1.0
8479496,2024,David Rittich,LAK,G,4on5,28,5923.0,12.51,13.0,140.0,7.35,8.0,17.37,10.0,81.98,70.0,0.67,1.0,46.78,41.0,23.26,38.0,11.94,73.0,19.0,18.0,2.12,2.63,7.76,1.0,3.0,9.0,30.0,0.0,0.0
8479496,2024,David Rittich,LAK,G,5on4,28,5498.0,0.92,1.0,24.0,0.59,0.0,1.75,1.0,12.77,13.0,2.84,0.0,4.44,3.0,9.87,13.0,0.92,15.0,3.0,0.0,0.46,0.46,0.0,1.0,0.0,0.0,6.0,0.0,0.0
8476999,2024,Linus Ullmark,OTT,G,other,34,4114.0,11.55,6.0,133.0,5.49,12.0,14.84,7.0,70.5,59.0,1.11,0.0,41.7,35.0,19.78,36.0,9.56,59.0,19.0,18.0,2.19,2.52,6.85,1.0,2.0,3.0,37.0,0.0,0.0
8476999,2024,Linus Ullmark,OTT,G,all,34,114936.0,95.36,85.0,1914.0,68.56,115.0,245.94,213.0,1005.36,958.0,34.33,3.0,555.2,441.0,387.56,528.0,88.1,1042.0,236.0,109.0,29.31,29.93,36.13,31.0,26.0,28.0,527.0,0.0,0.0
8476999,2024,Linus Ullmark,OTT,G,5on5,34,92777.0,63.59,62.0,1512.0,49.2,88.0,199.83,168.0,777.49,744.0,26.72,3.0,425.39,326.0,315.21,432.0,60.63,845.0,167.0,68.0,23.49,21.14,18.96,29.0,17.0,16.0,432.0,0.0,0.0
8476999,2024,Linus Ullmark,OTT,G,4on5,34,8203.0,19.46,17.0,245.0,13.32,15.0,28.55,37.0,142.97,144.0,0.82,0.0,83.55,73.0,42.59,49.0,17.16,122.0,47.0,23.0,3.21,5.93,10.32,1.0,7.0,9.0,53.0,0.0,0.0
8476999,2024,Linus Ullmark,OTT,G,5on4,34,9842.0,0.51,0.0,21.0,0.46,0.0,2.43,1.0,12.69,9.0,5.43,0.0,3.96,7.0,9.26,9.0,0.51,16.0,1.0,0.0,0.43,0.08,0.0,0.0,0.0,0.0,4.0,0.0,0.0
8478499,2024,Adin Hill,VGK,G,other,40,2891.0,12.53,5.0,121.0,5.21,7.0,12.16,12.0,68.15,56.0,0.69,0.0,41.69,43.0,17.12,23.0,10.07,49.0,26.0,16.0,2.0,3.26,7.27,1.0,2.0,2.0,30.0,0.0,0.0
8478499,2024,Adin Hill,VGK,G,all,40,141726.0,113.35,100.0,2378.0,80.5,131.0,298.93,217.0,1216.28,1072.0,40.7,3.0,669.5,602.0,475.26,627.0,106.34,1249.0,309.0,121.0,36.53,38.15,38.66,33.0,38.0,29.0,699.0,4.0,2.0
8478499,2024,Adin Hill,VGK,G,5on5,40,122253.0,84.05,77.0,1970.0,62.41,105.0,253.9,184.0,992.15,871.0,34.33,3.0,539.37,476.0,399.35,530.0,80.55,1046.0,240.0,87.0,30.28,29.74,24.03,30.0,28.0,19.0,597.0,4.0,2.0
8478499,2024,Adin Hill,VGK,G,4on5,40,7690.0,13.77,16.0,246.0,11.68,15.0,28.98,20.0,130.56,121.0,0.82,0.0,80.56,77.0,42.6,54.0,12.77,135.0,32.0,15.0,3.55,3.77,6.44,2.0,7.0,7.0,64.0,0.0,0.0
8478499,2024,Adin Hill,VGK,G,5on4,40,8892.0,2.8,2.0,34.0,1.1,4.0,3.5,1.0,23.17,22.0,4.71,0.0,6.84,5.0,15.0,18.0,2.74,17.0,10.0,3.0,0.59,1.3,0.92,0.0,1.0,1.0,4.0,0.0,0.0
8480313,2024,Logan Thompson,WSH,G,other,38,4469.0,11.38,9.0,150.0,5.93,7.0,15.33,14.0,78.58,70.0,1.49,1.0,47.65,43.0,23.0,32.0,10.53,64.0,29.0,13.0,2.64,3.74,5.01,1.0,3.0,5.0,44.0,0.0,0.0
8480313,2024,Logan Thompson,WSH,G,all,38,136548.0,116.69,88.0,2332.0,79.81,139.0,292.18,231.0,1198.82,1053.0,40.23,3.0,639.79,517.0,460.71,653.0,110.03,1184.0,307.0,139.0,34.5,38.27,43.92,34.0,26.0,28.0,702.0,0.0,0.0
8480313,2024,Logan Thompson,WSH,G,5on5,38,113518.0,86.77,61.0,1879.0,61.23,112.0,242.76,186.0,956.73,829.0,32.19,0.0,501.79,407.0,375.77,535.0,81.72,958.0,240.0,103.0,27.7,30.09,28.97,31.0,20.0,10.0,578.0,0.0,0.0
8480313,2024,Logan Thompson,WSH,G,4on5,38,9616.0,15.36,15.0,257.0,11.29,18.0,29.44,29.0,133.72,123.0,0.83,1.0,80.68,58.0,42.71,63.0,14.63,135.0,30.0,19.0,3.35,3.43,8.59,2.0,2.0,11.0,73.0,0.0,0.0
8480313,2024,Logan Thompson,WSH,G,5on4,38,8945.0,2.08,2.0,37.0,0.95,2.0,3.54,1.0,23.41,27.0,5.45,1.0,7.12,7.0,16.58,19.0,2.06,23.0,6.0,2.0,0.6,0.8,0.68,0.0,1.0,1.0,6.0,0.0,0.0
8478009,2024,Ilya Sorokin,NYI,G,other,50,4731.0,17.95,14.0,197.0,8.02,17.0,20.19,12.0,104.05,98.0,1.45,0.0,58.77,56.0,29.64,39.0,13.8,73.0,38.0,27.0,3.09,4.83,10.02,4.0,4.0,6.0,59.0,0.0,0.0
8478009,2024,Ilya Sorokin,NYI,G,all,50,172454.0,145.71,131.0,2968.0,106.0,169.0,373.45,257.0,1548.98,1399.0,50.55,2.0,841.86,716.0,602.09,845.0,137.22,1586.0,381.0,154.0,46.23,48.52,50.96,51.0,46.0,34.0,847.0,2.0,1.0
8478009,2024,Ilya Sorokin,NYI,G,5on5,50,144629.0,100.3,86.0,2380.0,78.63,121.0,307.2,212.0,1220.12,1094.0,41.35,1.0,660.13,560.0,491.7,697.0,97.38,1290.0,300.0,89.0,36.73,38.46,25.11,40.0,38.0,8.0,701.0,2.0,1.0
8478009,2024,Ilya Sorokin,NYI,G,4on5,50,11219.0,24.69,27.0,340.0,17.71,29.0,40.8,32.0,190.7,171.0,1.18,0.0,111.64,92.0,57.79,79.0,23.3,188.0,36.0,35.0,5.28,4.41,15.0,4.0,3.0,20.0,81.0,0.0,0.0
8478009,2024,Ilya Sorokin,NYI,G,5on4,50,11875.0,2.34,4.0,44.0,1.34,2.0,4.39,1.0,29.57,31.0,6.52,1.0,9.2,7.0,20.83,25.0,2.31,31.0,5.0,3.0,0.98,0.53,0.84,3.0,1.0,0.0,5.0,0.0,0.0
8475809,2024,Scott Wedgewood,COL,G,other,19,1984.0,2.74,2.0,44.0,1.87,3.0,4.58,4.0,22.65,21.0,0.53,0.0,13.31,13.0,7.7,9.0,2.61,18.0,9.0,4.0,0.71,1.05,0.97,2.0,0.0,0.0,13.0,0.0,0.0
8475809,2024,Scott Wedgewood,COL,G,all,19,63598.0,45.33,44.0,968.0,34.38,50.0,126.49,104.0,507.94,470.0,17.56,1.0,277.15,220.0,197.49,279.0,43.62,519.0,132.0,47.0,14.48,16.28,14.57,21.0,12.0,11.0,270.0,0.0,0.0
8475809,2024,Scott Wedgewood,COL,G,5on5,19,51948.0,32.97,31.0,793.0,26.64,45.0,107.51,90.0,413.81,382.0,14.44,1.0,224.55,171.0,165.2,233.0,31.59,439.0,103.0,29.0,11.71,12.96,8.3,17.0,10.0,4.0,222.0,0.0,0.0
8475809,2024,Scott Wedgewood,COL,G,4on5,19,4698.0,8.76,11.0,118.0,5.39,1.0,12.82,9.0,62.37,56.0,0.26,0.0,36.46,34.0,18.65,29.0,8.59,53.0,19.0,12.0,1.74,2.15,4.86,2.0,2.0,7.0,34.0,0.0,0.0
8475809,2024,Scott Wedgewood,COL,G,5on4,19,4968.0,0.86,0.0,13.0,0.48,1.0,1.58,1.0,9.12,11.0,2.3,0.0,2.82,2.0,5.94,8.0,0.84,9.0,1.0,2.0,0.31,0.12,0.43,0.0,0.0,0.0,1.0,0.0,0.0
8479292,2024,Charlie Lindgren,WSH,G,other,30,3431.0,6.56,4.0,98.0,3.63,5.0,9.55,16.0,49.07,41.0,0.95,0.0,29.21,23.0,16.34,19.0,5.88,39.0,21.0,7.0,1.59,2.64,2.34,2.0,1.0,1.0,31.0,0.0,0.0
8479292,2024,Charlie Lindgren,WSH,G,all,30,105849.0,78.48,78.0,1668.0,56.41,72.0,201.48,170.0,848.9,761.0,29.9,0.0,462.42,376.0,338.44,466.0,75.27,860.0,219.0,87.0,24.44,27.46,26.57,27.0,25.0,26.0,502.0,0.0,0.0
8479292,2024,Charlie Lindgren,WSH,G,5on5,30,84975.0,52.26,56.0,1259.0,39.08,48.0,155.08,119.0,624.44,564.0,24.42,0.0,337.58,282.0,253.83,351.0,50.84,654.0,149.0,56.0,17.78,19.13,15.36,22.0,18.0,16.0,400.0,0.0,0.0
8479292,2024,Charlie Lindgren,WSH,G,4on5,30,8917.0,16.58,15.0,266.0,12.27,17.0,32.36,31.0,143.94,123.0,0.76,0.0,85.91,65.0,46.88,70.0,15.52,138.0,41.0,20.0,4.18,4.66,7.75,3.0,4.0,8.0,67.0,0.0,0.0
8479292,2024,Charlie Lindgren,WSH,G,5on4,30,8526.0,3.07,3.0,45.0,1.44,2.0,4.48,4.0,31.45,33.0,3.77,0.0,9.73,6.0,21.39,26.0,3.03,29.0,8.0,4.0,0.9,1.04,1.14,0.0,2.0,1.0,4.0,0.0,0.0
8470594,2024,Marc-Andre Fleury,MIN,G,other,22,2010.0,4.86,3.0,69.0,2.82,6.0,6.9,1.0,35.63,31.0,0.59,0.0,22.25,21.0,11.86,19.0,4.47,30.0,14.0,6.0,1.28,1.65,1.93,1.0,1.0,1.0,19.0,0.0,0.0
8470594,2024,Marc-Andre Fleury,MIN,G,all,22,75311.0,53.58,57.0,1220.0,41.17,55.0,152.17,92.0,625.57,594.0,20.09,0.0,350.72,295.0,248.64,368.0,51.22,667.0,155.0,45.0,18.83,19.02,15.73,21.0,24.0,12.0,353.0,2.0,1.0
8470594,2024,Marc-Andre Fleury,MIN,G,5on5,22,62830.0,36.88,39.0,1009.0,31.89,39.0,128.58,82.0,507.59,486.0,16.48,0.0,285.24,239.0,207.52,308.0,35.52,567.0,115.0,25.0,15.49,14.34,7.05,17.0,19.0,3.0,302.0,2.0,1.0
8470594,2024,Marc-Andre Fleury,MIN,G,4on5,22,4811.0,10.93,14.0,122.0,5.95,10.0,14.83,9.0,70.45,65.0,0.27,0.0,39.61,32.0,20.54,29.0,10.33,57.0,25.0,12.0,1.74,2.94,6.26,3.0,3.0,8.0,28.0,0.0,0.0
8470594,2024,Marc-Andre Fleury,MIN,G,5on4,22,5660.0,0.9,1.0,20.0,0.51,0.0,1.86,0.0,11.9,12.0,2.75,0.0,3.62,3.0,8.72,12.0,0.9,13.0,1.0,2.0,0.31,0.1,0.49,0.0,1.0,0.0,4.0,0.0,0.0
8473575,2024,Semyon Varlamov,NYI,G,other,10,471.0,0.78,1.0,18.0,0.87,0.0,2.0,3.0,9.89,10.0,0.08,0.0,7.17,5.0,2.84,5.0,0.7,11.0,3.0,0.0,0.47,0.31,0.0,1.0,0.0,0.0,4.0,0.0,0.0
8473575,2024,Semyon Varlamov,NYI,G,all,10,36144.0,28.34,29.0,568.0,18.7,26.0,68.66,37.0,290.18,262.0,9.89,1.0,155.52,140.0,117.33,166.0,27.06,289.0,79.0,30.0,8.48,9.92,9.94,14.0,7.0,8.0,170.0,0.0,0.0
8473575,2024,Semyon Varlamov,NYI,G,5on5,10,30592.0,21.64,19.0,484.0,14.97,25.0,59.15,31.0,240.01,212.0,8.17,0.0,128.0,120.0,98.28,135.0,20.51,245.0,61.0,24.0,6.71,7.7,7.22,12.0,3.0,4.0,154.0,0.0,0.0
8473575,2024,Semyon Varlamov,NYI,G,4on5,10,1526.0,4.21,8.0,44.0,2.04,1.0,5.17,3.0,25.68,24.0,0.23,0.0,15.17,10.0,7.66,13.0,4.13,20.0,11.0,4.0,0.69,1.25,2.27,1.0,3.0,4.0,9.0,0.0,0.0
8473575,2024,Semyon Varlamov,NYI,G,5on4,10,3555.0,0.63,0.0,10.0,0.3,0.0,0.91,0.0,6.66,8.0,1.17,0.0,2.12,2.0,4.85,7.0,0.63,7.0,2.0,0.0,0.27,0.36,0.0,0.0,0.0,0.0,1.0,0.0,0.0
8475660,2024,Cam Talbot,DET,G,other,37,2579.0,9.21,7.0,89.0,3.77,5.0,8.94,13.0,47.59,41.0,0.99,0.0,26.95,29.0,11.5,8.0,7.93,25.0,22.0,15.0,1.02,2.56,5.63,1.0,3.0,3.0,27.0,0.0,0.0
8475660,2024,Cam Talbot,DET,G,all,37,123975.0,111.64,102.0,2137.0,75.12,122.0,273.93,230.0,1122.39,1017.0,33.66,1.0,601.05,516.0,431.31,557.0,104.27,1125.0,273.0,133.0,31.0,34.05,46.6,38.0,28.0,36.0,606.0,0.0,0.0
8475660,2024,Cam Talbot,DET,G,5on5,37,105347.0,77.22,61.0,1742.0,57.82,99.0,233.24,198.0,910.3,819.0,27.17,1.0,484.7,416.0,362.86,471.0,72.96,948.0,215.0,84.0,25.98,26.86,24.38,30.0,22.0,9.0,495.0,0.0,0.0
8475660,2024,Cam Talbot,DET,G,4on5,37,7434.0,22.92,29.0,266.0,12.2,18.0,28.53,17.0,142.48,130.0,0.57,0.0,81.44,66.0,42.46,60.0,21.11,133.0,27.0,32.0,3.42,3.34,16.16,4.0,2.0,23.0,74.0,0.0,0.0
8475660,2024,Cam Talbot,DET,G,5on4,37,8615.0,1.95,5.0,32.0,1.11,0.0,2.52,2.0,18.25,23.0,4.77,0.0,6.17,3.0,12.67,15.0,1.92,16.0,7.0,2.0,0.47,1.05,0.43,3.0,1.0,1.0,7.0,0.0,0.0
8478039,2024,Kaapo Kahkonen,COL,G,other,1,129.0,0.0,0.0,1.0,0.0,0.0,0.0,0.0,0.0,0.0,0.03,0.0,0.0,0.0,0.0,0.0,0.0,0.0,0.0,0.0,0.0,0.0,0.0,0.0,0.0,0.0,1.0,0.0,0.0
8478039,2024,Kaapo Kahkonen,COL,G,all,1,3496.0,1.85,4.0,45.0,1.51,5.0,6.2,2.0,24.1,20.0,1.21,0.0,12.76,6.0,9.81,16.0,1.79,26.0,5.0,2.0,0.73,0.59,0.53,2.0,1.0,1.0,12.0,0.0,0.0
8478039,2024,Kaapo Kahkonen,COL,G,5on5,1,2559.0,1.61,4.0,34.0,1.15,4.0,4.98,2.0,19.52,17.0,0.89,0.0,10.47,5.0,8.1,12.0,1.55,22.0,3.0,2.0,0.69,0.38,0.53,2.0,1.0,1.0,7.0,0.0,0.0
8478039,2024,Kaapo Kahkonen,COL,G,4on5,1,411.0,0.04,0.0,8.0,0.21,0.0,0.91,0.0,2.91,2.0,0.01,0.0,1.79,1.0,0.95,3.0,0.04,4.0,0.0,0.0,0.04,0.0,0.0,0.0,0.0,0.0,4.0,0.0,0.0
8478039,2024,Kaapo Kahkonen,COL,G,5on4,1,397.0,0.21,0.0,2.0,0.14,1.0,0.31,0.0,1.67,1.0,0.28,0.0,0.5,0.0,0.76,1.0,0.2,0.0,2.0,0.0,0.0,0.21,0.0,0.0,0.0,0.0,0.0,0.0,0.0
8481035,2024,Samuel Ersson,PHI,G,other,39,3129.0,8.88,6.0,101.0,3.41,9.0,8.91,5.0,46.38,39.0,0.74,0.0,24.74,25.0,13.38,16.0,7.6,26.0,22.0,13.0,1.03,2.81,5.05,2.0,3.0,1.0,40.0,0.0,0.0
8481035,2024,Samuel Ersson,PHI,G,all,39,128679.0,94.83,108.0,2175.0,69.31,109.0,257.37,168.0,1061.44,949.0,34.9,1.0,572.81,478.0,425.46,587.0,90.26,1110.0,248.0,97.0,31.2,30.87,32.76,51.0,38.0,19.0,720.0,2.0,1.0
8481035,2024,Samuel Ersson,PHI,G,5on5,39,106561.0,63.32,79.0,1737.0,51.79,74.0,211.42,142.0,831.55,736.0,28.22,1.0,451.25,364.0,338.69,480.0,61.04,910.0,180.0,54.0,25.4,22.69,15.23,45.0,28.0,6.0,593.0,2.0,1.0
8481035,2024,Samuel Ersson,PHI,G,4on5,39,9196.0,18.05,16.0,255.0,11.22,23.0,28.33,14.0,131.87,116.0,0.89,0.0,76.19,72.0,40.05,53.0,17.15,123.0,27.0,28.0,3.16,3.24,11.66,2.0,2.0,12.0,77.0,0.0,0.0
8481035,2024,Samuel Ersson,PHI,G,5on4,39,9793.0,3.27,5.0,53.0,1.8,2.0,4.99,4.0,34.15,42.0,4.47,0.0,11.61,10.0,25.06,27.0,3.17,34.0,12.0,2.0,0.97,1.48,0.82,1.0,4.0,0.0,5.0,0.0,0.0
8480280,2024,Jeremy Swayman,BOS,G,other,49,4623.0,12.81,14.0,159.0,6.53,10.0,17.79,15.0,88.3,83.0,1.6,2.0,48.39,40.0,29.14,38.0,11.87,74.0,25.0,19.0,3.17,2.85,6.79,4.0,3.0,7.0,41.0,0.0,0.0
8480280,2024,Jeremy Swayman,BOS,G,all,49,171429.0,141.14,143.0,2881.0,98.99,139.0,367.36,330.0,1511.67,1385.0,46.48,4.0,821.11,655.0,607.87,816.0,135.03,1565.0,372.0,151.0,44.15,45.88,51.1,61.0,45.0,37.0,793.0,0.0,0.0
8480280,2024,Jeremy Swayman,BOS,G,5on5,49,138876.0,93.33,90.0,2278.0,72.23,103.0,298.0,263.0,1165.78,1059.0,36.25,2.0,642.64,519.0,477.06,646.0,89.97,1265.0,275.0,83.0,34.87,34.19,24.27,50.0,29.0,11.0,655.0,0.0,0.0
8480280,2024,Jeremy Swayman,BOS,G,4on5,49,13341.0,27.59,34.0,347.0,16.82,19.0,41.17,50.0,191.22,181.0,1.06,0.0,109.27,83.0,57.82,72.0,26.23,167.0,54.0,38.0,4.37,6.52,16.71,5.0,12.0,17.0,88.0,0.0,0.0
8480280,2024,Jeremy Swayman,BOS,G,5on4,49,14589.0,7.09,4.0,93.0,3.26,7.0,9.73,2.0,63.26,59.0,7.41,0.0,19.61,13.0,42.27,57.0,6.65,57.0,16.0,11.0,1.66,2.09,3.34,1.0,1.0,2.0,9.0,0.0,0.0
8476945,2024,Connor Hellebuyck,WPG,G,other,52,4950.0,11.68,9.0,142.0,6.06,13.0,14.81,9.0,73.51,68.0,1.58,0.0,40.92,37.0,20.98,29.0,10.29,57.0,21.0,19.0,2.14,2.75,6.79,2.0,2.0,5.0,45.0,0.0,0.0
8476945,2024,Connor Hellebuyck,WPG,G,all,52,184714.0,138.63,102.0,3054.0,105.4,172.0,393.5,307.0,1567.52,1393.0,52.34,1.0,858.39,767.0,624.11,822.0,131.46,1673.0,350.0,151.0,45.43,43.87,49.34,43.0,25.0,34.0,880.0,0.0,0.0
8476945,2024,Connor Hellebuyck,WPG,G,5on5,52,155329.0,98.54,67.0,2472.0,79.48,125.0,327.61,264.0,1257.53,1111.0,43.11,0.0,693.6,631.0,515.51,667.0,94.76,1389.0,279.0,90.0,38.28,34.96,25.29,34.0,18.0,15.0,714.0,0.0,0.0
8476945,2024,Connor Hellebuyck,WPG,G,4on5,52,12440.0,25.48,24.0,380.0,18.07,30.0,44.35,30.0,197.17,172.0,1.0,0.0,110.76,92.0,59.55,89.0,23.54,184.0,42.0,39.0,3.94,5.06,16.47,6.0,5.0,13.0,115.0,0.0,0.0
8476945,2024,Connor Hellebuyck,WPG,G,5on4,52,11995.0,2.84,2.0,57.0,1.73,4.0,6.24,4.0,37.23,39.0,6.54,0.0,12.27,6.0,26.66,35.0,2.77,40.0,8.0,3.0,0.96,1.08,0.8,1.0,0.0,1.0,6.0,0.0,0.0
8473503,2024,James Reimer,BUF,G,other,13,1053.0,3.62,3.0,33.0,1.19,1.0,3.14,5.0,17.35,13.0,0.26,0.0,8.09,4.0,5.45,9.0,2.92,9.0,6.0,7.0,0.37,0.69,2.57,2.0,0.0,1.0,11.0,0.0,0.0
8473503,2024,James Reimer,BUF,G,all,13,42094.0,39.11,35.0,689.0,25.17,27.0,86.82,76.0,373.29,333.0,11.13,1.0,199.54,161.0,143.39,206.0,36.79,350.0,103.0,53.0,11.31,12.5,15.3,8.0,15.0,12.0,183.0,0.0,0.0
8473503,2024,James Reimer,BUF,G,5on5,13,34741.0,27.15,24.0,550.0,18.93,22.0,72.92,56.0,297.46,266.0,8.74,1.0,161.55,137.0,116.7,168.0,26.26,298.0,74.0,35.0,9.14,8.95,9.07,5.0,9.0,10.0,143.0,0.0,0.0
8473503,2024,James Reimer,BUF,G,4on5,13,3145.0,6.81,7.0,88.0,4.43,2.0,8.75,13.0,45.37,39.0,0.35,0.0,26.11,18.0,12.61,19.0,6.2,32.0,20.0,8.0,1.42,2.51,2.88,1.0,5.0,1.0,28.0,0.0,0.0
8473503,2024,James Reimer,BUF,G,5on4,13,3155.0,1.51,1.0,18.0,0.62,2.0,2.01,2.0,13.1,15.0,1.79,0.0,3.79,2.0,8.63,10.0,1.42,11.0,3.0,3.0,0.37,0.35,0.79,0.0,1.0,0.0,1.0,0.0,0.0
8475717,2024,Calvin Pickard,EDM,G,other,25,2087.0,2.24,1.0,57.0,2.08,2.0,6.22,3.0,28.09,27.0,0.76,0.0,17.21,19.0,10.22,14.0,1.96,31.0,6.0,2.0,1.05,0.64,0.56,0.0,1.0,0.0,18.0,0.0,0.0
8475717,2024,Calvin Pickard,EDM,G,all,25,80784.0,54.03,60.0,1160.0,38.01,48.0,145.4,100.0,605.07,590.0,25.53,2.0,330.97,258.0,244.55,365.0,52.08,621.0,162.0,50.0,18.5,19.61,15.92,27.0,20.0,13.0,327.0,0.0,0.0
8475717,2024,Calvin Pickard,EDM,G,5on5,25,68064.0,42.32,44.0,968.0,30.99,43.0,125.71,84.0,506.35,496.0,21.17,2.0,275.98,213.0,205.24,312.0,40.96,531.0,126.0,40.0,15.35,15.36,11.62,23.0,13.0,8.0,271.0,0.0,0.0
8475717,2024,Calvin Pickard,EDM,G,4on5,25,4858.0,8.08,14.0,110.0,4.21,2.0,10.86,13.0,52.98,51.0,0.42,0.0,32.39,22.0,16.75,22.0,7.8,42.0,25.0,7.0,1.69,2.9,3.49,3.0,6.0,5.0,36.0,0.0,0.0
8475717,2024,Calvin Pickard,EDM,G,5on4,25,5775.0,1.39,1.0,25.0,0.73,1.0,2.6,0.0,17.66,16.0,3.09,0.0,5.4,4.0,12.33,17.0,1.35,17.0,5.0,1.0,0.42,0.72,0.26,1.0,0.0,0.0,2.0,0.0,0.0
8476434,2024,John Gibson,ANA,G,other,26,2102.0,8.52,5.0,85.0,3.51,2.0,7.85,11.0,41.71,46.0,0.5,0.0,25.76,28.0,10.64,12.0,6.39,26.0,20.0,12.0,1.13,2.3,5.09,0.0,2.0,3.0,27.0,0.0,0.0
8476434,2024,John Gibson,ANA,G,all,26,84174.0,80.09,66.0,1500.0,53.48,78.0,189.82,184.0,788.59,727.0,23.37,3.0,427.39,330.0,304.6,422.0,75.37,785.0,201.0,96.0,23.3,24.53,32.25,15.0,24.0,27.0,418.0,4.0,2.0
8476434,2024,John Gibson,ANA,G,5on5,26,70388.0,55.25,45.0,1236.0,41.36,66.0,161.37,153.0,639.95,582.0,18.66,1.0,344.85,262.0,255.62,352.0,53.35,665.0,153.0,62.0,19.22,18.8,17.22,13.0,19.0,13.0,356.0,4.0,2.0
8476434,2024,John Gibson,ANA,G,4on5,26,5794.0,14.18,14.0,153.0,7.52,9.0,17.14,18.0,87.2,79.0,0.9,0.0,49.33,37.0,27.13,40.0,13.53,76.0,23.0,19.0,2.24,2.8,9.14,1.0,3.0,10.0,35.0,0.0,0.0
8476434,2024,John Gibson,ANA,G,5on4,26,5890.0,1.24,1.0,13.0,0.56,0.0,1.54,2.0,10.03,12.0,3.19,2.0,2.99,1.0,6.33,9.0,1.23,8.0,3.0,2.0,0.26,0.39,0.59,1.0,0.0,0.0,0.0,0.0,0.0
8477480,2024,Eric Comrie,WPG,G,other,17,1352.0,1.46,1.0,34.0,0.95,0.0,3.23,3.0,15.91,11.0,0.64,0.0,7.77,11.0,7.13,6.0,1.46,15.0,5.0,1.0,0.64,0.55,0.27,0.0,1.0,0.0,13.0,0.0,0.0
8477480,2024,Eric Comrie,WPG,G,all,17,60129.0,42.4,40.0,988.0,33.86,41.0,127.65,114.0,511.07,467.0,17.18,4.0,282.63,252.0,204.05,260.0,41.08,547.0,121.0,40.0,15.48,15.12,11.81,18.0,14.0,8.0,280.0,0.0,0.0
8477480,2024,Eric Comrie,WPG,G,5on5,17,50754.0,31.63,29.0,822.0,27.03,34.0,108.55,99.0,421.14,389.0,14.47,4.0,232.6,206.0,170.71,216.0,30.6,461.0,96.0,28.0,12.53,11.98,7.12,16.0,10.0,3.0,237.0,0.0,0.0
8477480,2024,Eric Comrie,WPG,G,4on5,17,4038.0,8.27,9.0,115.0,5.3,6.0,14.25,10.0,62.98,53.0,0.2,0.0,38.74,33.0,19.31,30.0,8.07,60.0,19.0,9.0,1.93,2.46,3.88,1.0,3.0,5.0,27.0,0.0,0.0
8477480,2024,Eric Comrie,WPG,G,5on4,17,3985.0,0.66,0.0,12.0,0.42,0.0,1.2,1.0,8.67,11.0,1.8,0.0,2.57,2.0,5.89,8.0,0.59,9.0,1.0,1.0,0.26,0.11,0.29,0.0,0.0,0.0,1.0,0.0,0.0
8482661,2024,Jesper Wallstedt,MIN,G,other,2,141.0,0.14,0.0,2.0,0.1,0.0,0.31,0.0,1.41,1.0,0.02,0.0,0.69,0.0,0.72,2.0,0.14,1.0,1.0,0.0,0.03,0.12,0.0,0.0,0.0,0.0,0.0,0.0,0.0
8482661,2024,Jesper Wallstedt,MIN,G,all,2,7046.0,5.3,8.0,114.0,3.62,5.0,13.88,10.0,56.98,51.0,1.6,0.0,31.32,29.0,23.06,27.0,5.11,57.0,17.0,5.0,1.49,2.18,1.63,2.0,4.0,2.0,35.0,2.0,1.0
8482661,2024,Jesper Wallstedt,MIN,G,5on5,2,6087.0,4.04,5.0,104.0,2.99,5.0,12.64,9.0,49.8,44.0,1.22,0.0,27.39,27.0,20.35,23.0,3.88,54.0,11.0,4.0,1.4,1.41,1.23,1.0,3.0,1.0,35.0,2.0,1.0
8482661,2024,Jesper Wallstedt,MIN,G,4on5,2,338.0,1.09,3.0,7.0,0.51,0.0,0.8,1.0,5.03,6.0,0.04,0.0,3.02,1.0,1.42,2.0,1.06,1.0,5.0,1.0,0.04,0.65,0.4,1.0,1.0,1.0,0.0,0.0,0.0
8482661,2024,Jesper Wallstedt,MIN,G,5on4,2,480.0,0.03,0.0,1.0,0.03,0.0,0.12,0.0,0.73,0.0,0.32,0.0,0.22,1.0,0.58,0.0,0.03,1.0,0.0,0.0,0.03,0.0,0.0,0.0,0.0,0.0,0.0,0.0,0.0
8482076,2024,Nico Daws,NJD,G,other,5,525.0,1.06,1.0,11.0,0.53,2.0,1.37,0.0,6.58,4.0,0.17,0.0,3.46,4.0,2.26,2.0,0.92,4.0,3.0,2.0,0.17,0.35,0.54,0.0,1.0,0.0,2.0,0.0,0.0
8482076,2024,Nico Daws,NJD,G,all,5,12281.0,9.88,3.0,216.0,7.64,14.0,27.88,16.0,110.89,88.0,3.34,0.0,62.81,51.0,42.02,70.0,9.42,111.0,36.0,7.0,3.26,4.64,1.98,1.0,2.0,0.0,62.0,0.0,0.0
8482076,2024,Nico Daws,NJD,G,5on5,5,9786.0,6.3,2.0,168.0,5.52,7.0,22.32,13.0,86.72,68.0,2.78,0.0,48.74,36.0,34.3,62.0,6.14,91.0,28.0,1.0,2.38,3.67,0.25,1.0,1.0,0.0,48.0,0.0,0.0
8482076,2024,Nico Daws,NJD,G,4on5,5,1221.0,2.5,0.0,35.0,1.56,5.0,4.03,3.0,16.82,15.0,0.13,0.0,10.36,11.0,4.92,5.0,2.35,15.0,5.0,4.0,0.7,0.61,1.19,0.0,0.0,0.0,11.0,0.0,0.0
8482076,2024,Nico Daws,NJD,G,5on4,5,749.0,0.01,0.0,2.0,0.02,0.0,0.16,0.0,0.77,1.0,0.26,0.0,0.25,0.0,0.53,1.0,0.01,1.0,0.0,0.0,0.01,0.0,0.0,0.0,0.0,0.0,1.0,0.0,0.0
8481692,2024,Dustin Wolf,CGY,G,other,41,4664.0,11.66,13.0,131.0,5.12,8.0,12.65,9.0,68.0,64.0,1.69,0.0,36.35,35.0,22.01,25.0,10.3,49.0,23.0,18.0,1.62,3.07,6.97,4.0,2.0,7.0,41.0,0.0,0.0
8481692,2024,Dustin Wolf,CGY,G,all,41,146866.0,121.35,107.0,2495.0,86.89,131.0,318.48,307.0,1291.94,1212.0,42.72,3.0,694.93,556.0,507.29,666.0,115.81,1310.0,337.0,126.0,36.71,42.04,42.61,34.0,43.0,30.0,722.0,2.0,1.0
8481692,2024,Dustin Wolf,CGY,G,5on5,41,119822.0,85.52,64.0,1972.0,63.22,100.0,257.61,245.0,1005.03,944.0,34.52,2.0,540.21,425.0,407.37,549.0,82.63,1056.0,248.0,84.0,29.6,30.98,24.94,26.0,26.0,12.0,584.0,0.0,0.0
8481692,2024,Dustin Wolf,CGY,G,4on5,41,11280.0,20.72,24.0,339.0,16.81,22.0,42.72,50.0,183.29,168.0,0.86,0.0,106.19,82.0,55.85,70.0,19.53,173.0,55.0,21.0,4.3,6.76,9.66,2.0,11.0,11.0,90.0,0.0,0.0
8481692,2024,Dustin Wolf,CGY,G,5on4,41,11100.0,2.13,5.0,34.0,1.09,0.0,3.12,2.0,23.56,28.0,5.58,1.0,6.79,8.0,16.18,15.0,2.08,20.0,8.0,2.0,0.65,0.97,0.51,1.0,4.0,0.0,4.0,2.0,1.0
8480045,2024,Ukko-Pekka Luukkonen,BUF,G,other,50,5914.0,14.39,18.0,187.0,7.52,8.0,18.84,11.0,95.23,90.0,1.65,1.0,55.92,58.0,28.92,34.0,12.82,76.0,36.0,17.0,3.18,4.34,6.87,6.0,6.0,6.0,58.0,0.0,0.0
8480045,2024,Ukko-Pekka Luukkonen,BUF,G,all,50,172212.0,146.2,151.0,2853.0,102.25,161.0,362.36,267.0,1502.37,1352.0,48.66,5.0,819.29,694.0,589.36,787.0,138.14,1520.0,394.0,156.0,43.14,50.17,52.89,53.0,53.0,45.0,783.0,2.0,1.0
8480045,2024,Ukko-Pekka Luukkonen,BUF,G,5on5,50,139840.0,99.43,102.0,2243.0,75.74,132.0,295.68,221.0,1167.21,1042.0,39.0,3.0,633.37,528.0,467.6,621.0,95.47,1209.0,308.0,94.0,34.13,39.52,25.78,45.0,40.0,17.0,632.0,2.0,1.0
8480045,2024,Ukko-Pekka Luukkonen,BUF,G,4on5,50,13021.0,28.55,28.0,358.0,16.7,20.0,41.07,33.0,194.08,178.0,1.4,1.0,115.34,97.0,61.75,90.0,26.06,190.0,40.0,40.0,4.53,4.88,19.13,1.0,6.0,21.0,88.0,0.0,0.0
8480045,2024,Ukko-Pekka Luukkonen,BUF,G,5on4,50,13437.0,3.46,3.0,59.0,2.04,1.0,5.85,2.0,41.23,42.0,6.36,0.0,12.73,11.0,28.68,36.0,3.43,41.0,8.0,5.0,1.15,1.21,1.11,1.0,1.0,1.0,5.0,0.0,0.0
8479193,2024,Casey DeSmith,DAL,G,other,20,2057.0,2.62,2.0,59.0,2.48,1.0,5.79,5.0,28.99,23.0,0.32,0.0,21.08,22.0,7.89,11.0,2.51,32.0,7.0,2.0,1.14,0.9,0.58,0.0,1.0,1.0,18.0,0.0,0.0
8479193,2024,Casey DeSmith,DAL,G,all,20,67019.0,55.68,45.0,1085.0,39.09,55.0,138.54,95.0,576.49,522.0,19.4,2.0,312.94,262.0,223.63,329.0,53.63,567.0,163.0,59.0,16.79,20.14,18.75,17.0,17.0,11.0,296.0,2.0,1.0
8479193,2024,Casey DeSmith,DAL,G,5on5,20,54803.0,41.66,35.0,899.0,30.69,46.0,118.83,80.0,474.31,427.0,15.53,1.0,254.09,210.0,188.15,275.0,40.34,480.0,127.0,42.0,13.69,15.67,12.31,15.0,13.0,7.0,250.0,0.0,0.0
8479193,2024,Casey DeSmith,DAL,G,4on5,20,4419.0,9.81,8.0,105.0,5.01,7.0,11.63,9.0,58.17,55.0,0.52,0.0,32.6,26.0,17.14,28.0,9.22,42.0,22.0,14.0,1.56,2.64,5.61,2.0,3.0,3.0,27.0,0.0,0.0
8479193,2024,Casey DeSmith,DAL,G,5on4,20,5740.0,1.58,0.0,22.0,0.91,1.0,2.29,1.0,15.01,17.0,3.04,1.0,5.17,4.0,10.44,15.0,1.56,13.0,7.0,1.0,0.41,0.93,0.24,0.0,0.0,0.0,1.0,2.0,1.0
8476412,2024,Jordan Binnington,STL,G,other,47,3098.0,6.62,9.0,97.0,3.79,4.0,9.41,6.0,52.44,40.0,0.66,0.0,29.31,22.0,18.25,28.0,5.99,39.0,24.0,6.0,1.73,2.82,2.07,2.0,6.0,1.0,28.0,0.0,0.0
8476412,2024,Jordan Binnington,STL,G,all,47,161468.0,125.33,126.0,2562.0,87.98,136.0,326.08,261.0,1329.01,1229.0,41.87,1.0,716.16,564.0,520.66,733.0,117.95,1352.0,321.0,148.0,37.57,39.47,48.28,48.0,43.0,35.0,741.0,2.0,1.0
8476412,2024,Jordan Binnington,STL,G,5on5,47,137909.0,88.74,87.0,2122.0,68.02,106.0,277.63,226.0,1084.28,1005.0,35.06,0.0,586.69,459.0,435.33,614.0,85.57,1152.0,241.0,100.0,31.53,29.88,27.33,43.0,32.0,12.0,629.0,0.0,0.0
8476412,2024,Jordan Binnington,STL,G,4on5,47,11016.0,27.29,28.0,297.0,14.54,25.0,34.03,26.0,162.0,151.0,0.73,0.0,89.88,77.0,47.63,63.0,23.72,133.0,48.0,38.0,3.57,5.81,17.91,3.0,5.0,20.0,78.0,0.0,0.0
8476412,2024,Jordan Binnington,STL,G,5on4,47,9445.0,1.54,1.0,35.0,0.99,1.0,3.54,3.0,21.94,24.0,5.28,1.0,7.09,2.0,16.14,23.0,1.53,25.0,3.0,2.0,0.67,0.39,0.47,0.0,0.0,1.0,5.0,2.0,1.0
8481544,2024,Mads Sogaard,OTT,G,other,2,145.0,0.06,0.0,1.0,0.04,0.0,0.15,0.0,0.71,1.0,0.09,0.0,0.33,0.0,0.4,1.0,0.06,1.0,0.0,0.0,0.06,0.0,0.0,0.0,0.0,0.0,0.0,0.0,0.0
8481544,2024,Mads Sogaard,OTT,G,all,2,5493.0,6.21,8.0,86.0,3.54,7.0,11.22,5.0,45.23,40.0,2.02,0.0,22.75,15.0,16.51,27.0,4.99,38.0,13.0,11.0,1.0,1.7,3.5,4.0,3.0,1.0,24.0,2.0,1.0
8481544,2024,Mads Sogaard,OTT,G,5on5,2,4415.0,3.58,6.0,69.0,2.44,5.0,9.14,2.0,34.72,31.0,1.54,0.0,18.58,13.0,13.87,23.0,3.36,34.0,10.0,5.0,0.87,1.2,1.51,4.0,2.0,0.0,20.0,2.0,1.0
8481544,2024,Mads Sogaard,OTT,G,4on5,2,401.0,2.21,2.0,14.0,0.91,2.0,1.72,3.0,8.54,7.0,0.08,0.0,3.25,1.0,1.62,2.0,1.22,2.0,3.0,5.0,0.06,0.5,1.65,0.0,1.0,1.0,4.0,0.0,0.0
8481544,2024,Mads Sogaard,OTT,G,5on4,2,532.0,0.36,0.0,2.0,0.15,0.0,0.21,0.0,1.25,1.0,0.32,0.0,0.59,1.0,0.63,1.0,0.36,1.0,0.0,1.0,0.01,0.0,0.35,0.0,0.0,0.0,0.0,0.0,0.0
8481529,2024,Trent Miner,COL,G,other,2,15.0,0.03,0.0,1.0,0.07,0.0,0.12,0.0,0.61,0.0,0.0,0.0,0.57,0.0,0.2,1.0,0.03,1.0,0.0,0.0,0.03,0.0,0.0,0.0,0.0,0.0,0.0,0.0,0.0
8481529,2024,Trent Miner,COL,G,all,2,5498.0,2.35,4.0,74.0,2.29,3.0,9.06,8.0,33.96,33.0,1.58,0.0,19.64,11.0,14.41,23.0,2.33,42.0,5.0,2.0,1.25,0.49,0.61,2.0,1.0,1.0,25.0,0.0,0.0
8481529,2024,Trent Miner,COL,G,5on5,2,5123.0,2.24,4.0,71.0,2.14,3.0,8.66,8.0,32.0,33.0,1.47,0.0,18.37,11.0,13.41,20.0,2.21,39.0,5.0,2.0,1.14,0.49,0.61,2.0,1.0,1.0,25.0,0.0,0.0
8481529,2024,Trent Miner,COL,G,4on5,2,120.0,0.03,0.0,1.0,0.05,0.0,0.2,0.0,0.67,0.0,0.0,0.0,0.47,0.0,0.23,1.0,0.03,1.0,0.0,0.0,0.03,0.0,0.0,0.0,0.0,0.0,0.0,0.0,0.0
8481529,2024,Trent Miner,COL,G,5on4,2,240.0,0.06,0.0,1.0,0.04,0.0,0.09,0.0,0.68,0.0,0.1,0.0,0.23,0.0,0.57,1.0,0.06,1.0,0.0,0.0,0.06,0.0,0.0,0.0,0.0,0.0,0.0,0.0,0.0
8484293,2024,Yaniv Perets,CAR,G,other,1,0.0,0.0,0.0,0.0,0.0,0.0,0.0,0.0,0.0,0.0,0.0,0.0,0.0,0.0,0.0,0.0,0.0,0.0,0.0,0.0,0.0,0.0,0.0,0.0,0.0,0.0,0.0,0.0,0.0
8484293,2024,Yaniv Perets,CAR,G,all,1,492.0,0.97,1.0,10.0,0.58,1.0,1.44,1.0,6.79,7.0,0.04,0.0,3.65,4.0,2.13,2.0,0.87,4.0,3.0,2.0,0.09,0.26,0.62,0.0,1.0,0.0,1.0,0.0,0.0
8484293,2024,Yaniv Perets,CAR,G,5on5,1,381.0,0.26,0.0,7.0,0.28,0.0,1.06,1.0,4.5,4.0,0.03,0.0,2.61,4.0,1.65,1.0,0.25,4.0,2.0,0.0,0.09,0.17,0.0,0.0,0.0,0.0,1.0,0.0,0.0
8484293,2024,Yaniv Perets,CAR,G,4on5,1,111.0,0.71,1.0,3.0,0.3,1.0,0.38,0.0,2.29,3.0,0.02,0.0,1.04,0.0,0.48,1.0,0.61,0.0,1.0,2.0,0.0,0.09,0.62,0.0,1.0,0.0,0.0,0.0,0.0
8484293,2024,Yaniv Perets,CAR,G,5on4,1,0.0,0.0,0.0,0.0,0.0,0.0,0.0,0.0,0.0,0.0,0.0,0.0,0.0,0.0,0.0,0.0,0.0,0.0,0.0,0.0,0.0,0.0,0.0,0.0,0.0,0.0,0.0,0.0,0.0
8479406,2024,Filip Gustavsson,MIN,G,other,45,3826.0,15.72,10.0,152.0,6.41,9.0,15.5,14.0,85.77,82.0,1.04,0.0,48.03,37.0,24.55,43.0,12.79,52.0,36.0,25.0,2.19,4.86,8.67,3.0,4.0,3.0,39.0,0.0,0.0
8479406,2024,Filip Gustavsson,MIN,G,all,45,159178.0,127.68,115.0,2803.0,96.88,120.0,354.81,307.0,1460.26,1331.0,42.67,7.0,817.58,584.0,574.89,891.0,120.6,1547.0,336.0,139.0,43.13,41.19,43.37,39.0,39.0,37.0,781.0,0.0,0.0
8479406,2024,Filip Gustavsson,MIN,G,5on5,45,133986.0,86.9,72.0,2253.0,72.52,91.0,290.79,251.0,1146.55,1018.0,34.76,5.0,638.56,447.0,465.74,729.0,83.96,1266.0,244.0,84.0,34.37,29.72,22.81,28.0,25.0,19.0,659.0,0.0,0.0
8479406,2024,Filip Gustavsson,MIN,G,4on5,45,10575.0,22.35,28.0,347.0,16.28,19.0,43.11,39.0,192.79,194.0,0.81,0.0,119.07,96.0,60.35,85.0,21.27,191.0,50.0,27.0,5.34,5.84,11.17,5.0,8.0,15.0,79.0,0.0,0.0
8479406,2024,Filip Gustavsson,MIN,G,5on4,45,10791.0,2.16,3.0,44.0,1.35,0.0,4.16,3.0,29.63,32.0,5.99,2.0,9.52,4.0,21.92,30.0,2.05,33.0,5.0,2.0,1.02,0.65,0.49,1.0,2.0,0.0,4.0,0.0,0.0
8475852,2024,Petr Mrazek,DET,G,other,36,2630.0,4.95,4.0,68.0,2.91,9.0,7.85,5.0,36.2,38.0,0.98,0.0,22.39,21.0,11.5,12.0,4.24,28.0,17.0,6.0,1.08,2.15,1.72,1.0,2.0,1.0,17.0,0.0,0.0
8475852,2024,Petr Mrazek,DET,G,all,36,121109.0,98.85,112.0,2124.0,74.88,131.0,269.5,206.0,1093.91,1039.0,28.86,3.0,596.24,487.0,427.28,566.0,94.26,1103.0,297.0,104.0,31.01,36.62,31.21,37.0,53.0,22.0,620.0,0.0,0.0
8475852,2024,Petr Mrazek,DET,G,5on5,36,100191.0,73.61,82.0,1755.0,57.56,103.0,226.12,172.0,883.42,828.0,23.16,2.0,478.86,396.0,351.78,463.0,70.84,910.0,235.0,73.0,25.68,29.17,18.76,33.0,37.0,12.0,537.0,0.0,0.0
8475852,2024,Petr Mrazek,DET,G,4on5,36,9942.0,17.9,20.0,262.0,13.09,19.0,31.43,27.0,145.92,147.0,0.81,0.0,85.96,68.0,44.71,64.0,16.79,140.0,34.0,24.0,3.43,4.01,10.46,2.0,9.0,9.0,64.0,0.0,0.0
8475852,2024,Petr Mrazek,DET,G,5on4,36,8346.0,2.05,4.0,36.0,1.15,0.0,3.72,2.0,25.97,24.0,3.9,1.0,7.96,2.0,18.33,26.0,2.04,25.0,8.0,1.0,0.82,0.96,0.27,1.0,3.0,0.0,2.0,0.0,0.0
8483530,2024,Jaxson Stauber,UTA,G,other,4,499.0,0.85,0.0,19.0,0.74,1.0,2.29,0.0,10.04,7.0,0.17,0.0,6.06,6.0,3.71,6.0,0.79,12.0,1.0,1.0,0.43,0.11,0.3,0.0,0.0,0.0,5.0,0.0,0.0
8483530,2024,Jaxson Stauber,UTA,G,all,4,14545.0,12.53,9.0,258.0,8.38,12.0,31.72,22.0,129.24,120.0,3.82,0.0,68.22,67.0,49.0,63.0,11.96,128.0,31.0,15.0,3.98,3.99,4.55,4.0,3.0,2.0,84.0,0.0,0.0
8483530,2024,Jaxson Stauber,UTA,G,5on5,4,11497.0,8.9,8.0,198.0,6.23,11.0,25.79,18.0,99.87,97.0,3.02,0.0,52.0,50.0,38.85,48.0,8.49,105.0,19.0,11.0,3.08,2.58,3.23,4.0,3.0,1.0,63.0,0.0,0.0
8483530,2024,Jaxson Stauber,UTA,G,4on5,4,1321.0,2.36,1.0,37.0,1.27,0.0,3.41,4.0,16.72,13.0,0.07,0.0,9.5,10.0,4.95,7.0,2.27,10.0,10.0,2.0,0.46,1.1,0.8,0.0,0.0,1.0,15.0,0.0,0.0
8483530,2024,Jaxson Stauber,UTA,G,5on4,4,1228.0,0.42,0.0,4.0,0.14,0.0,0.23,0.0,2.62,3.0,0.56,0.0,0.67,1.0,1.48,2.0,0.42,1.0,1.0,1.0,0.01,0.2,0.22,0.0,0.0,0.0,1.0,0.0,0.0
8477992,2024,Jonas Johansson,TBL,G,other,15,1586.0,2.15,0.0,33.0,1.39,0.0,3.54,3.0,16.85,12.0,0.64,0.0,9.46,11.0,4.77,8.0,2.03,12.0,8.0,2.0,0.41,1.17,0.56,0.0,0.0,0.0,11.0,0.0,0.0
8477992,2024,Jonas Johansson,TBL,G,all,15,51960.0,43.63,45.0,879.0,32.39,50.0,117.15,90.0,469.98,431.0,15.21,1.0,254.73,204.0,182.62,258.0,40.58,470.0,132.0,45.0,14.11,16.37,13.16,22.0,18.0,5.0,232.0,0.0,0.0
8477992,2024,Jonas Johansson,TBL,G,5on5,15,44273.0,33.61,34.0,734.0,25.8,41.0,99.87,76.0,389.78,358.0,12.44,1.0,210.86,165.0,154.43,222.0,31.21,406.0,96.0,36.0,11.66,11.6,10.35,19.0,10.0,5.0,196.0,0.0,0.0
8477992,2024,Jonas Johansson,TBL,G,4on5,15,2860.0,6.87,8.0,93.0,4.52,9.0,11.5,11.0,50.85,47.0,0.4,0.0,29.27,25.0,14.96,16.0,6.36,38.0,24.0,7.0,1.55,3.08,2.24,2.0,6.0,0.0,24.0,0.0,0.0
8477992,2024,Jonas Johansson,TBL,G,5on4,15,3241.0,0.88,2.0,15.0,0.51,0.0,1.66,0.0,10.12,12.0,1.56,0.0,3.61,2.0,6.98,10.0,0.86,10.0,4.0,0.0,0.36,0.52,0.0,0.0,2.0,0.0,1.0,0.0,0.0
8482982,2024,Jet Greaves,CBJ,G,other,6,459.0,0.96,4.0,16.0,0.7,1.0,1.55,1.0,7.97,10.0,0.38,1.0,4.99,2.0,2.54,3.0,0.95,8.0,2.0,1.0,0.38,0.27,0.31,2.0,1.0,1.0,5.0,0.0,0.0
8482982,2024,Jet Greaves,CBJ,G,all,6,21606.0,17.86,17.0,362.0,13.01,28.0,46.52,46.0,192.33,179.0,7.02,1.0,104.39,67.0,75.7,106.0,17.04,192.0,55.0,17.0,6.11,6.83,4.91,7.0,9.0,1.0,98.0,0.0,0.0
8482982,2024,Jet Greaves,CBJ,G,5on5,6,18678.0,15.52,12.0,325.0,11.38,26.0,43.03,44.0,173.23,161.0,5.58,0.0,94.37,61.0,68.8,96.0,14.76,177.0,47.0,15.0,5.57,5.65,4.3,5.0,7.0,0.0,86.0,0.0,0.0
8482982,2024,Jet Greaves,CBJ,G,4on5,6,903.0,0.69,1.0,16.0,0.66,0.0,1.39,1.0,7.03,4.0,0.12,0.0,3.88,4.0,2.15,3.0,0.68,5.0,4.0,0.0,0.07,0.63,0.0,0.0,1.0,0.0,7.0,0.0,0.0
8482982,2024,Jet Greaves,CBJ,G,5on4,6,1566.0,0.69,0.0,5.0,0.27,1.0,0.55,0.0,4.11,4.0,0.94,0.0,1.15,0.0,2.22,4.0,0.66,2.0,2.0,1.0,0.1,0.29,0.3,0.0,0.0,0.0,0.0,0.0,0.0
8475883,2024,Frederik Andersen,CAR,G,other,14,952.0,1.11,1.0,19.0,0.86,0.0,2.3,0.0,10.8,12.0,0.34,0.0,6.7,5.0,3.65,9.0,1.1,11.0,3.0,1.0,0.42,0.48,0.2,1.0,0.0,0.0,4.0,0.0,0.0
8475883,2024,Frederik Andersen,CAR,G,all,14,50119.0,38.01,30.0,675.0,25.6,43.0,86.6,51.0,371.92,341.0,17.83,2.0,196.28,165.0,145.16,214.0,35.46,352.0,106.0,46.0,10.12,13.27,14.62,16.0,7.0,7.0,171.0,0.0,0.0
8475883,2024,Frederik Andersen,CAR,G,5on5,14,40693.0,26.1,23.0,530.0,18.57,28.0,68.68,40.0,286.46,261.0,14.65,2.0,150.49,119.0,114.72,177.0,24.82,278.0,80.0,30.0,7.75,10.07,8.29,13.0,7.0,3.0,142.0,0.0,0.0
8475883,2024,Frederik Andersen,CAR,G,4on5,14,4078.0,9.97,5.0,109.0,5.75,14.0,13.68,10.0,63.08,55.0,0.37,0.0,35.57,39.0,18.83,18.0,8.71,51.0,21.0,14.0,1.65,2.51,5.81,2.0,0.0,3.0,23.0,0.0,0.0
8475883,2024,Frederik Andersen,CAR,G,5on4,14,4396.0,0.83,1.0,17.0,0.42,1.0,1.94,1.0,11.58,13.0,2.47,0.0,3.52,2.0,7.95,10.0,0.83,12.0,2.0,1.0,0.31,0.2,0.32,0.0,0.0,1.0,2.0,0.0,0.0
8478848,2024,Ales Stezka,SEA,G,other,1,0.0,0.0,0.0,0.0,0.0,0.0,0.0,0.0,0.0,0.0,0.0,0.0,0.0,0.0,0.0,0.0,0.0,0.0,0.0,0.0,0.0,0.0,0.0,0.0,0.0,0.0,0.0,0.0,0.0
8478848,2024,Ales Stezka,SEA,G,all,1,3500.0,2.54,3.0,50.0,2.1,1.0,7.11,5.0,30.28,23.0,1.16,0.0,16.91,17.0,12.36,15.0,2.48,30.0,12.0,0.0,1.07,1.47,0.0,1.0,2.0,0.0,8.0,0.0,0.0
8478848,2024,Ales Stezka,SEA,G,5on5,1,3380.0,2.38,2.0,48.0,2.01,1.0,6.96,5.0,28.81,21.0,1.02,0.0,16.41,17.0,11.3,14.0,2.33,29.0,11.0,0.0,1.03,1.34,0.0,0.0,2.0,0.0,8.0,0.0,0.0
8478848,2024,Ales Stezka,SEA,G,4on5,1,0.0,0.0,0.0,0.0,0.0,0.0,0.0,0.0,0.0,0.0,0.0,0.0,0.0,0.0,0.0,0.0,0.0,0.0,0.0,0.0,0.0,0.0,0.0,0.0,0.0,0.0,0.0,0.0,0.0
8478848,2024,Ales Stezka,SEA,G,5on4,1,120.0,0.16,1.0,2.0,0.09,0.0,0.15,0.0,1.48,2.0,0.13,0.0,0.51,0.0,1.06,1.0,0.16,1.0,1.0,0.0,0.04,0.12,0.0,1.0,0.0,0.0,0.0,0.0,0.0
8481611,2024,Pyotr Kochetkov,CAR,G,other,40,3593.0,9.93,8.0,119.0,4.34,6.0,11.68,9.0,57.1,51.0,1.14,1.0,32.74,34.0,15.25,19.0,9.43,44.0,19.0,13.0,1.6,2.23,6.1,2.0,0.0,6.0,43.0,0.0,0.0
8481611,2024,Pyotr Kochetkov,CAR,G,all,40,142591.0,109.64,94.0,1982.0,74.37,131.0,260.55,203.0,1084.75,1011.0,48.32,3.0,574.09,426.0,411.7,606.0,104.3,1024.0,305.0,138.0,29.32,37.22,43.11,27.0,39.0,28.0,515.0,4.0,2.0
8481611,2024,Pyotr Kochetkov,CAR,G,5on5,40,117557.0,81.29,73.0,1595.0,56.61,102.0,214.49,170.0,869.1,815.0,40.62,2.0,456.89,334.0,340.36,493.0,77.7,839.0,239.0,101.0,24.13,29.5,27.67,24.0,35.0,14.0,416.0,4.0,2.0
8481611,2024,Pyotr Kochetkov,CAR,G,4on5,40,10450.0,15.93,12.0,227.0,12.05,23.0,30.92,22.0,134.18,119.0,1.06,0.0,76.78,54.0,39.79,69.0,14.71,121.0,38.0,21.0,3.07,4.36,8.5,0.0,4.0,8.0,47.0,0.0,0.0
8481611,2024,Pyotr Kochetkov,CAR,G,5on4,40,10991.0,2.45,0.0,40.0,1.33,0.0,3.32,2.0,23.67,25.0,5.48,0.0,7.35,4.0,15.86,25.0,2.43,19.0,9.0,3.0,0.47,1.14,0.84,0.0,0.0,0.0,9.0,0.0,0.0
8484312,2024,Georgi Romanov,SJS,G,other,1,79.0,0.0,0.0,0.0,0.0,0.0,0.0,0.0,0.0,0.0,0.02,0.0,0.0,0.0,0.0,0.0,0.0,0.0,0.0,0.0,0.0,0.0,0.0,0.0,0.0,0.0,0.0,0.0,0.0
8484312,2024,Georgi Romanov,SJS,G,all,1,2400.0,0.73,2.0,27.0,0.83,0.0,3.22,1.0,13.14,11.0,0.55,0.0,7.81,8.0,5.97,8.0,0.72,17.0,1.0,1.0,0.34,0.18,0.21,1.0,0.0,1.0,8.0,0.0,0.0
8484312,2024,Georgi Romanov,SJS,G,5on5,1,1971.0,0.71,2.0,22.0,0.68,0.0,2.79,0.0,11.07,10.0,0.4,0.0,6.54,8.0,4.88,6.0,0.7,14.0,1.0,1.0,0.32,0.18,0.21,1.0,0.0,1.0,6.0,0.0,0.0
8484312,2024,Georgi Romanov,SJS,G,4on5,1,175.0,0.01,0.0,4.0,0.12,0.0,0.34,1.0,1.33,1.0,0.0,0.0,1.0,0.0,0.5,1.0,0.01,2.0,0.0,0.0,0.01,0.0,0.0,0.0,0.0,0.0,2.0,0.0,0.0
8484312,2024,Georgi Romanov,SJS,G,5on4,1,175.0,0.01,0.0,1.0,0.02,0.0,0.09,0.0,0.74,0.0,0.13,0.0,0.27,0.0,0.59,1.0,0.01,1.0,0.0,0.0,0.01,0.0,0.0,0.0,0.0,0.0,0.0,0.0,0.0
8483668,2024,Nikke Kokko,SEA,G,other,1,0.0,0.0,0.0,0.0,0.0,0.0,0.0,0.0,0.0,0.0,0.0,0.0,0.0,0.0,0.0,0.0,0.0,0.0,0.0,0.0,0.0,0.0,0.0,0.0,0.0,0.0,0.0,0.0,0.0
8483668,2024,Nikke Kokko,SEA,G,all,1,1797.0,0.58,2.0,16.0,0.4,0.0,1.57,0.0,6.9,6.0,0.4,0.0,4.3,3.0,2.93,5.0,0.58,7.0,3.0,0.0,0.21,0.36,0.0,1.0,1.0,0.0,6.0,0.0,0.0
8483668,2024,Nikke Kokko,SEA,G,5on5,1,1557.0,0.47,2.0,12.0,0.37,0.0,1.41,0.0,6.13,5.0,0.36,0.0,3.86,3.0,2.69,4.0,0.47,7.0,2.0,0.0,0.21,0.26,0.0,1.0,1.0,0.0,3.0,0.0,0.0
8483668,2024,Nikke Kokko,SEA,G,4on5,1,120.0,0.11,0.0,4.0,0.03,0.0,0.16,0.0,0.77,1.0,0.02,0.0,0.43,0.0,0.24,1.0,0.11,0.0,1.0,0.0,0.0,0.11,0.0,0.0,0.0,0.0,3.0,0.0,0.0
8483668,2024,Nikke Kokko,SEA,G,5on4,1,120.0,0.0,0.0,0.0,0.0,0.0,0.0,0.0,0.0,0.0,0.02,0.0,0.0,0.0,0.0,0.0,0.0,0.0,0.0,0.0,0.0,0.0,0.0,0.0,0.0,0.0,0.0,0.0,0.0
8475839,2024,Louis Domingue,NYR,G,other,1,38.0,0.0,0.0,0.0,0.0,0.0,0.0,0.0,0.0,0.0,0.0,0.0,0.0,0.0,0.0,0.0,0.0,0.0,0.0,0.0,0.0,0.0,0.0,0.0,0.0,0.0,0.0,0.0,0.0
8475839,2024,Louis Domingue,NYR,G,all,1,3600.0,1.93,2.0,45.0,1.52,2.0,5.99,8.0,24.12,27.0,1.03,0.0,13.45,12.0,10.32,10.0,1.82,27.0,4.0,3.0,0.61,0.54,0.78,1.0,1.0,0.0,11.0,0.0,0.0
8475839,2024,Louis Domingue,NYR,G,5on5,1,3442.0,1.89,2.0,44.0,1.47,2.0,5.83,7.0,23.39,26.0,1.03,0.0,13.04,12.0,10.0,10.0,1.78,26.0,4.0,3.0,0.57,0.54,0.78,1.0,1.0,0.0,11.0,0.0,0.0
8475839,2024,Louis Domingue,NYR,G,4on5,1,120.0,0.04,0.0,1.0,0.05,0.0,0.16,1.0,0.73,1.0,0.0,0.0,0.41,0.0,0.32,0.0,0.04,1.0,0.0,0.0,0.04,0.0,0.0,0.0,0.0,0.0,0.0,0.0,0.0
8475839,2024,Louis Domingue,NYR,G,5on4,1,0.0,0.0,0.0,0.0,0.0,0.0,0.0,0.0,0.0,0.0,0.0,0.0,0.0,0.0,0.0,0.0,0.0,0.0,0.0,0.0,0.0,0.0,0.0,0.0,0.0,0.0,0.0,0.0,0.0
8482221,2024,Devon Levi,BUF,G,other,9,647.0,0.4,1.0,9.0,0.21,0.0,0.75,1.0,3.87,4.0,0.14,0.0,1.75,1.0,1.77,2.0,0.4,3.0,2.0,0.0,0.13,0.27,0.0,0.0,1.0,0.0,4.0,0.0,0.0
8482221,2024,Devon Levi,BUF,G,all,9,28838.0,24.97,33.0,452.0,17.98,34.0,62.89,48.0,254.57,258.0,8.47,0.0,138.27,100.0,99.16,136.0,23.97,265.0,57.0,30.0,7.94,7.39,9.63,12.0,12.0,9.0,100.0,0.0,0.0
8482221,2024,Devon Levi,BUF,G,5on5,9,23510.0,17.43,24.0,351.0,12.88,27.0,50.62,34.0,194.48,196.0,7.23,0.0,103.47,73.0,77.78,110.0,16.75,204.0,46.0,19.0,6.0,6.13,5.31,10.0,10.0,4.0,82.0,0.0,0.0
8482221,2024,Devon Levi,BUF,G,4on5,9,2583.0,6.72,8.0,84.0,4.56,7.0,10.68,12.0,50.77,51.0,0.16,0.0,30.92,26.0,15.52,17.0,6.4,52.0,7.0,11.0,1.63,0.76,4.33,2.0,1.0,5.0,14.0,0.0,0.0
8482221,2024,Devon Levi,BUF,G,5on4,9,2098.0,0.42,0.0,8.0,0.33,0.0,0.84,1.0,5.45,7.0,0.84,0.0,2.13,0.0,4.08,7.0,0.41,6.0,2.0,0.0,0.19,0.23,0.0,0.0,0.0,0.0,0.0,0.0,0.0
8478916,2024,Joey Daccord,SEA,G,other,46,3931.0,12.15,11.0,122.0,5.38,5.0,12.52,13.0,68.88,61.0,1.36,1.0,41.26,44.0,19.31,20.0,9.21,56.0,18.0,19.0,2.33,2.13,7.7,2.0,3.0,6.0,29.0,0.0,0.0
8478916,2024,Joey Daccord,SEA,G,all,46,159670.0,134.57,119.0,2791.0,98.86,168.0,361.6,334.0,1466.25,1294.0,44.42,3.0,808.63,699.0,578.07,708.0,126.59,1547.0,332.0,153.0,43.88,41.47,49.23,47.0,40.0,32.0,759.0,0.0,0.0
8478916,2024,Joey Daccord,SEA,G,5on5,46,133899.0,98.0,85.0,2269.0,74.71,143.0,301.58,278.0,1172.07,1027.0,36.48,2.0,638.81,542.0,475.7,577.0,94.06,1259.0,269.0,101.0,35.42,33.91,28.67,40.0,33.0,12.0,640.0,0.0,0.0
8478916,2024,Joey Daccord,SEA,G,4on5,46,9785.0,21.18,21.0,349.0,17.03,18.0,42.15,36.0,189.82,169.0,0.86,0.0,117.23,109.0,58.8,79.0,20.09,199.0,36.0,28.0,5.27,4.34,11.58,5.0,4.0,12.0,86.0,0.0,0.0
8478916,2024,Joey Daccord,SEA,G,5on4,46,12055.0,3.11,2.0,48.0,1.63,2.0,4.92,6.0,33.25,34.0,5.6,0.0,10.35,4.0,23.0,30.0,3.09,30.0,9.0,5.0,0.72,1.1,1.28,0.0,0.0,2.0,4.0,0.0,0.0
8477424,2024,Juuse Saros,NSH,G,other,49,4568.0,6.29,10.0,106.0,3.75,2.0,10.5,6.0,53.53,48.0,2.05,2.0,30.07,22.0,19.69,32.0,6.22,42.0,23.0,7.0,1.59,2.72,1.97,1.0,3.0,6.0,34.0,0.0,0.0
8477424,2024,Juuse Saros,NSH,G,all,49,170221.0,133.75,138.0,2713.0,98.16,132.0,350.95,251.0,1443.5,1340.0,49.6,4.0,772.31,591.0,567.77,857.0,127.57,1438.0,399.0,134.0,42.11,48.45,43.2,56.0,47.0,35.0,742.0,4.0,2.0
8477424,2024,Juuse Saros,NSH,G,5on5,49,140670.0,97.1,107.0,2222.0,75.26,108.0,296.17,207.0,1170.52,1087.0,40.52,2.0,627.13,471.0,470.98,712.0,93.74,1206.0,312.0,88.0,35.0,38.15,23.95,53.0,38.0,16.0,616.0,4.0,2.0
8477424,2024,Juuse Saros,NSH,G,4on5,49,13318.0,27.39,17.0,333.0,17.32,22.0,39.09,36.0,185.72,169.0,1.03,0.0,103.85,90.0,54.42,82.0,24.64,159.0,52.0,37.0,4.57,6.13,16.68,1.0,4.0,12.0,85.0,0.0,0.0
8477424,2024,Juuse Saros,NSH,G,5on4,49,11665.0,2.55,2.0,48.0,1.67,0.0,4.77,2.0,31.51,33.0,5.98,0.0,10.38,8.0,21.64,30.0,2.55,29.0,12.0,1.0,0.83,1.43,0.29,0.0,2.0,0.0,6.0,0.0,0.0
8480819,2024,Jakub Skarek,NYI,G,other,2,126.0,0.17,0.0,2.0,0.08,1.0,0.39,1.0,1.42,2.0,0.0,0.0,0.65,0.0,0.66,0.0,0.16,1.0,1.0,0.0,0.03,0.14,0.0,0.0,0.0,0.0,0.0,0.0,0.0
8480819,2024,Jakub Skarek,NYI,G,all,2,4569.0,2.61,5.0,73.0,2.45,5.0,8.73,8.0,35.26,39.0,1.7,0.0,21.05,14.0,14.87,19.0,2.57,38.0,13.0,0.0,1.17,1.44,0.0,2.0,3.0,0.0,22.0,0.0,0.0
8480819,2024,Jakub Skarek,NYI,G,5on5,2,3927.0,2.06,4.0,63.0,2.06,4.0,7.46,5.0,29.84,31.0,1.56,0.0,17.67,14.0,12.66,16.0,2.04,33.0,10.0,0.0,0.96,1.1,0.0,1.0,3.0,0.0,20.0,0.0,0.0
8480819,2024,Jakub Skarek,NYI,G,4on5,2,132.0,0.3,1.0,7.0,0.28,0.0,0.79,2.0,3.22,5.0,0.01,0.0,2.51,0.0,0.98,2.0,0.29,4.0,1.0,0.0,0.18,0.12,0.0,1.0,0.0,0.0,2.0,0.0,0.0
8480819,2024,Jakub Skarek,NYI,G,5on4,2,384.0,0.08,0.0,1.0,0.03,0.0,0.09,0.0,0.78,1.0,0.12,0.0,0.22,0.0,0.57,1.0,0.08,0.0,1.0,0.0,0.0,0.08,0.0,0.0,0.0,0.0,0.0,0.0,0.0
8479361,2024,Joseph Woll,TOR,G,other,35,3969.0,10.72,10.0,131.0,5.89,8.0,13.4,12.0,68.66,57.0,1.13,0.0,42.03,42.0,18.46,21.0,9.25,48.0,31.0,14.0,2.15,4.0,4.57,3.0,5.0,2.0,38.0,0.0,0.0
8479361,2024,Joseph Woll,TOR,G,all,35,121533.0,104.35,93.0,2075.0,71.63,113.0,264.61,223.0,1073.29,983.0,35.24,2.0,588.78,470.0,417.5,583.0,98.19,1100.0,263.0,121.0,30.89,32.41,41.04,39.0,34.0,20.0,591.0,0.0,0.0
8479361,2024,Joseph Woll,TOR,G,5on5,35,102419.0,66.06,63.0,1663.0,52.82,82.0,217.77,185.0,840.98,767.0,29.16,2.0,464.24,348.0,343.72,494.0,64.36,920.0,188.0,66.0,24.39,23.16,18.51,33.0,23.0,7.0,489.0,0.0,0.0
8479361,2024,Joseph Woll,TOR,G,4on5,35,7719.0,24.67,19.0,240.0,11.42,19.0,28.65,24.0,135.3,128.0,0.51,0.0,73.11,71.0,36.84,46.0,21.88,105.0,38.0,36.0,3.5,4.54,16.63,3.0,5.0,11.0,61.0,0.0,0.0
8479361,2024,Joseph Woll,TOR,G,5on4,35,7426.0,2.7,1.0,36.0,1.35,4.0,4.2,1.0,25.58,28.0,4.3,0.0,7.91,8.0,16.97,20.0,2.51,23.0,6.0,5.0,0.66,0.71,1.33,0.0,1.0,0.0,2.0,0.0,0.0
8476883,2024,Andrei Vasilevskiy,TBL,G,other,53,4470.0,7.68,4.0,119.0,4.35,3.0,11.58,8.0,57.74,43.0,1.19,0.0,33.5,34.0,17.79,28.0,7.0,48.0,17.0,12.0,1.88,2.21,3.6,1.0,2.0,1.0,42.0,0.0,0.0
8476883,2024,Andrei Vasilevskiy,TBL,G,all,53,188185.0,134.64,117.0,2957.0,103.77,148.0,382.88,327.0,1545.66,1456.0,52.42,3.0,834.43,619.0,604.31,894.0,128.21,1601.0,374.0,137.0,44.88,45.31,44.44,53.0,44.0,20.0,845.0,8.0,4.0
8476883,2024,Andrei Vasilevskiy,TBL,G,5on5,53,156247.0,102.29,85.0,2433.0,79.97,119.0,326.03,285.0,1271.42,1202.0,42.38,3.0,682.19,501.0,507.79,746.0,98.14,1337.0,308.0,96.0,37.58,37.01,27.7,46.0,34.0,5.0,692.0,6.0,3.0
8476883,2024,Andrei Vasilevskiy,TBL,G,4on5,53,13311.0,21.51,20.0,343.0,17.31,25.0,39.9,31.0,181.14,171.0,1.28,0.0,104.87,77.0,56.38,91.0,20.06,182.0,35.0,29.0,4.18,4.18,13.14,2.0,4.0,14.0,97.0,0.0,0.0
8476883,2024,Andrei Vasilevskiy,TBL,G,5on4,53,14157.0,2.05,6.0,47.0,1.38,1.0,3.96,2.0,26.43,31.0,7.39,0.0,8.78,1.0,18.98,26.0,2.04,29.0,7.0,0.0,0.98,1.07,0.0,4.0,2.0,0.0,11.0,2.0,1.0
8476899,2024,Matt Murray,TOR,G,other,2,367.0,0.16,1.0,6.0,0.17,0.0,0.53,0.0,2.87,3.0,0.09,0.0,1.7,1.0,1.36,2.0,0.16,4.0,0.0,0.0,0.16,0.0,0.0,1.0,0.0,0.0,2.0,0.0,0.0
8476899,2024,Matt Murray,TOR,G,all,2,7119.0,4.42,7.0,122.0,3.84,3.0,15.95,15.0,61.54,58.0,2.17,0.0,35.97,25.0,25.72,38.0,4.36,75.0,11.0,2.0,2.16,1.29,0.97,5.0,1.0,1.0,34.0,0.0,0.0
8476899,2024,Matt Murray,TOR,G,5on5,2,5862.0,3.42,5.0,101.0,3.15,3.0,14.06,11.0,51.68,46.0,1.86,0.0,29.7,22.0,21.87,33.0,3.38,62.0,11.0,1.0,1.82,1.29,0.32,4.0,1.0,0.0,27.0,0.0,0.0
8476899,2024,Matt Murray,TOR,G,4on5,2,319.0,0.83,1.0,13.0,0.51,0.0,1.23,4.0,6.23,8.0,0.02,0.0,4.31,2.0,1.92,2.0,0.81,8.0,0.0,1.0,0.17,0.0,0.66,0.0,0.0,1.0,4.0,0.0,0.0
8476899,2024,Matt Murray,TOR,G,5on4,2,571.0,0.01,0.0,2.0,0.02,0.0,0.13,0.0,0.75,1.0,0.21,0.0,0.25,0.0,0.58,1.0,0.01,1.0,0.0,0.0,0.01,0.0,0.0,0.0,0.0,0.0,1.0,0.0,0.0
8482446,2024,Joel Blomqvist,PIT,G,other,15,756.0,1.96,3.0,23.0,1.3,2.0,2.66,0.0,11.94,12.0,0.13,0.0,7.36,7.0,2.15,4.0,1.55,7.0,6.0,3.0,0.22,0.73,1.0,1.0,1.0,1.0,7.0,0.0,0.0
8482446,2024,Joel Blomqvist,PIT,G,all,15,46347.0,44.33,49.0,806.0,29.07,42.0,104.76,86.0,434.56,425.0,14.3,4.0,230.29,187.0,169.19,228.0,42.26,403.0,138.0,51.0,11.24,17.34,15.75,19.0,22.0,8.0,214.0,0.0,0.0
8482446,2024,Joel Blomqvist,PIT,G,5on5,15,38973.0,31.18,38.0,635.0,22.19,34.0,87.82,75.0,349.11,340.0,11.86,4.0,183.13,142.0,138.29,185.0,29.97,339.0,104.0,31.0,9.33,13.46,8.39,16.0,20.0,2.0,161.0,0.0,0.0
8482446,2024,Joel Blomqvist,PIT,G,4on5,15,3368.0,9.67,7.0,123.0,4.59,5.0,11.68,11.0,57.85,59.0,0.35,0.0,34.05,36.0,18.18,21.0,9.22,42.0,23.0,15.0,1.25,2.56,5.87,1.0,1.0,5.0,43.0,0.0,0.0
8482446,2024,Joel Blomqvist,PIT,G,5on4,15,3250.0,1.38,0.0,21.0,0.87,1.0,2.16,0.0,13.46,12.0,1.94,0.0,4.73,1.0,9.35,17.0,1.38,13.0,4.0,2.0,0.4,0.51,0.48,0.0,0.0,0.0,2.0,0.0,0.0
8477405,2024,Marcus Hogberg,NYI,G,other,8,269.0,0.41,0.0,14.0,0.36,0.0,1.09,1.0,5.84,5.0,0.0,0.0,4.2,5.0,1.77,2.0,0.4,6.0,2.0,0.0,0.23,0.18,0.0,0.0,0.0,0.0,6.0,0.0,0.0
8477405,2024,Marcus Hogberg,NYI,G,all,8,23346.0,19.85,11.0,400.0,14.4,30.0,51.38,31.0,207.29,178.0,6.97,0.0,110.74,95.0,77.47,113.0,18.25,202.0,51.0,28.0,5.64,6.41,7.8,7.0,3.0,1.0,119.0,0.0,0.0
8477405,2024,Marcus Hogberg,NYI,G,5on5,8,20334.0,16.08,8.0,341.0,11.5,23.0,44.38,26.0,175.63,149.0,6.04,0.0,92.3,80.0,67.68,100.0,15.24,174.0,41.0,23.0,4.68,5.13,6.27,5.0,2.0,1.0,103.0,0.0,0.0
8477405,2024,Marcus Hogberg,NYI,G,4on5,8,1119.0,3.33,3.0,41.0,2.45,7.0,5.69,4.0,24.77,22.0,0.17,0.0,13.56,10.0,7.12,9.0,2.59,20.0,8.0,5.0,0.7,1.1,1.53,2.0,1.0,0.0,8.0,0.0,0.0
8477405,2024,Marcus Hogberg,NYI,G,5on4,8,1624.0,0.03,0.0,4.0,0.09,0.0,0.23,0.0,1.04,2.0,0.76,0.0,0.68,0.0,0.9,2.0,0.03,2.0,0.0,0.0,0.03,0.0,0.0,0.0,0.0,0.0,2.0,0.0,0.0
8479312,2024,Alex Lyon,DET,G,other,25,2266.0,5.39,2.0,68.0,2.85,8.0,7.25,6.0,35.56,31.0,0.88,0.0,21.21,21.0,9.87,11.0,4.71,25.0,16.0,7.0,0.95,1.96,2.48,1.0,1.0,0.0,20.0,0.0,0.0
8479312,2024,Alex Lyon,DET,G,all,25,77838.0,65.13,60.0,1259.0,46.0,70.0,161.28,124.0,666.61,599.0,21.35,2.0,367.72,292.0,258.62,374.0,61.32,649.0,200.0,73.0,18.44,24.25,22.43,25.0,25.0,10.0,337.0,2.0,1.0
8479312,2024,Alex Lyon,DET,G,5on5,25,64604.0,46.09,46.0,1005.0,34.21,44.0,131.18,107.0,522.86,472.0,16.57,2.0,286.22,220.0,210.26,308.0,44.11,532.0,144.0,50.0,14.41,17.63,14.05,22.0,19.0,5.0,279.0,2.0,1.0
8479312,2024,Alex Lyon,DET,G,4on5,25,4887.0,12.13,11.0,162.0,8.18,15.0,19.9,10.0,91.18,84.0,0.27,0.0,54.63,49.0,27.93,40.0,11.05,75.0,37.0,14.0,2.44,4.29,5.4,2.0,5.0,4.0,36.0,0.0,0.0
8479312,2024,Alex Lyon,DET,G,5on4,25,6081.0,1.03,0.0,17.0,0.52,3.0,1.79,1.0,11.65,6.0,3.5,0.0,3.42,2.0,7.85,9.0,0.96,11.0,3.0,1.0,0.38,0.37,0.28,0.0,0.0,0.0,2.0,0.0,0.0
8477484,2024,Spencer Martin,CAR,G,other,9,802.0,2.02,1.0,15.0,0.76,2.0,1.73,3.0,9.39,7.0,0.3,0.0,4.7,5.0,2.39,1.0,1.72,2.0,5.0,5.0,0.11,0.55,1.36,0.0,0.0,1.0,3.0,0.0,0.0
8477484,2024,Spencer Martin,CAR,G,all,9,24959.0,18.46,27.0,354.0,14.31,19.0,47.35,35.0,200.91,175.0,7.37,0.0,110.26,81.0,78.63,114.0,17.72,196.0,57.0,23.0,5.5,6.73,6.24,11.0,7.0,9.0,78.0,0.0,0.0
8477484,2024,Spencer Martin,CAR,G,5on5,9,19543.0,13.86,19.0,273.0,10.12,12.0,38.16,26.0,155.63,134.0,5.5,0.0,85.22,60.0,61.37,97.0,13.47,154.0,45.0,15.0,4.49,5.37,4.0,8.0,5.0,6.0,59.0,0.0,0.0
8477484,2024,Spencer Martin,CAR,G,4on5,9,2103.0,1.71,5.0,49.0,3.08,4.0,6.22,5.0,27.88,26.0,0.09,0.0,17.6,13.0,9.34,12.0,1.69,31.0,7.0,1.0,0.61,0.81,0.29,2.0,2.0,1.0,10.0,0.0,0.0
8477484,2024,Spencer Martin,CAR,G,5on4,9,2511.0,0.81,2.0,14.0,0.3,1.0,1.12,1.0,7.26,7.0,1.44,0.0,2.37,2.0,5.14,4.0,0.79,8.0,0.0,2.0,0.22,0.0,0.58,1.0,0.0,1.0,4.0,0.0,0.0
8482657,2024,Sebastian Cossa,DET,G,other,1,120.0,0.08,0.0,1.0,0.06,0.0,0.13,0.0,0.87,0.0,0.15,0.0,0.36,0.0,0.35,1.0,0.08,1.0,0.0,0.0,0.08,0.0,0.0,0.0,0.0,0.0,0.0,0.0,0.0
8482657,2024,Sebastian Cossa,DET,G,all,1,2700.0,1.67,2.0,34.0,1.12,1.0,3.75,2.0,16.7,14.0,0.77,0.0,9.02,4.0,6.88,14.0,1.63,17.0,5.0,1.0,0.78,0.59,0.31,1.0,0.0,1.0,11.0,0.0,0.0
8482657,2024,Sebastian Cossa,DET,G,5on5,1,2167.0,1.3,2.0,27.0,0.87,1.0,3.03,2.0,12.93,12.0,0.51,0.0,7.15,4.0,5.2,9.0,1.27,14.0,3.0,1.0,0.6,0.39,0.31,1.0,0.0,1.0,9.0,0.0,0.0
8482657,2024,Sebastian Cossa,DET,G,4on5,1,240.0,0.28,0.0,5.0,0.15,0.0,0.39,0.0,2.11,1.0,0.02,0.0,1.25,0.0,0.86,3.0,0.28,1.0,2.0,0.0,0.08,0.2,0.0,0.0,0.0,0.0,2.0,0.0,0.0
8482657,2024,Sebastian Cossa,DET,G,5on4,1,173.0,0.02,0.0,1.0,0.03,0.0,0.19,0.0,0.79,1.0,0.09,0.0,0.26,0.0,0.48,1.0,0.01,1.0,0.0,0.0,0.02,0.0,0.0,0.0,0.0,0.0,0.0,0.0,0.0
8483710,2024,Dennis Hildeby,TOR,G,other,6,712.0,1.16,1.0,16.0,0.58,0.0,1.82,3.0,8.23,9.0,0.25,0.0,4.64,4.0,3.5,4.0,1.15,9.0,2.0,1.0,0.36,0.29,0.5,1.0,0.0,0.0,4.0,0.0,0.0
8483710,2024,Dennis Hildeby,TOR,G,all,6,21649.0,15.65,20.0,345.0,11.63,19.0,44.39,36.0,179.51,157.0,5.93,1.0,97.15,78.0,73.77,96.0,15.03,193.0,42.0,14.0,5.46,5.49,4.7,9.0,6.0,5.0,96.0,0.0,0.0
8483710,2024,Dennis Hildeby,TOR,G,5on5,6,17794.0,12.21,16.0,280.0,9.16,18.0,38.05,25.0,148.59,122.0,4.83,1.0,79.76,66.0,60.5,80.0,11.67,160.0,34.0,11.0,4.3,4.33,3.58,8.0,5.0,3.0,75.0,0.0,0.0
8483710,2024,Dennis Hildeby,TOR,G,4on5,6,1384.0,1.78,2.0,40.0,1.54,1.0,3.49,7.0,16.23,18.0,0.08,0.0,10.55,7.0,5.07,6.0,1.71,17.0,5.0,1.0,0.66,0.72,0.4,0.0,1.0,1.0,17.0,0.0,0.0
8483710,2024,Dennis Hildeby,TOR,G,5on4,6,1759.0,0.5,1.0,9.0,0.35,0.0,1.03,1.0,6.46,8.0,0.77,0.0,2.21,1.0,4.69,6.0,0.5,7.0,1.0,1.0,0.14,0.15,0.21,0.0,0.0,1.0,0.0,0.0,0.0
8478435,2024,Dan Vladar,CGY,G,other,26,2209.0,7.14,7.0,91.0,3.49,5.0,9.67,8.0,48.52,36.0,0.92,1.0,27.25,26.0,15.76,19.0,6.63,40.0,16.0,9.0,1.51,2.19,3.45,4.0,1.0,2.0,26.0,0.0,0.0
8478435,2024,Dan Vladar,CGY,G,all,26,91936.0,73.53,76.0,1508.0,50.23,67.0,186.81,165.0,761.98,707.0,26.51,3.0,415.69,337.0,298.09,402.0,70.16,769.0,206.0,76.0,22.27,26.19,25.07,28.0,31.0,17.0,457.0,2.0,1.0
8478435,2024,Dan Vladar,CGY,G,5on5,26,75995.0,49.55,46.0,1207.0,37.2,52.0,154.18,142.0,598.3,559.0,21.69,1.0,323.8,259.0,241.16,324.0,47.81,634.0,150.0,43.0,17.49,19.54,12.53,19.0,23.0,4.0,380.0,2.0,1.0
8478435,2024,Dan Vladar,CGY,G,4on5,26,6666.0,14.93,20.0,187.0,8.77,9.0,20.74,15.0,100.46,97.0,0.48,0.0,60.11,50.0,32.06,46.0,13.88,86.0,33.0,21.0,3.07,3.54,8.32,5.0,6.0,9.0,47.0,0.0,0.0
8478435,2024,Dan Vladar,CGY,G,5on4,26,7066.0,1.19,1.0,16.0,0.48,1.0,1.57,0.0,10.52,10.0,3.34,1.0,3.19,1.0,7.22,11.0,1.14,8.0,5.0,1.0,0.18,0.66,0.34,0.0,0.0,1.0,2.0,0.0,0.0
8477465,2024,Tristan Jarry,PIT,G,other,26,1880.0,5.64,4.0,86.0,3.09,4.0,8.19,6.0,41.14,32.0,0.65,0.0,25.85,20.0,12.82,23.0,4.64,42.0,8.0,7.0,1.72,1.05,2.87,1.0,1.0,2.0,29.0,0.0,0.0
8477465,2024,Tristan Jarry,PIT,G,all,26,89574.0,74.07,78.0,1513.0,53.49,73.0,189.84,135.0,785.08,727.0,24.96,0.0,433.45,350.0,314.21,453.0,70.85,828.0,188.0,76.0,24.6,23.68,25.79,31.0,24.0,23.0,421.0,2.0,1.0
8477465,2024,Tristan Jarry,PIT,G,5on5,26,75052.0,52.85,55.0,1209.0,40.95,60.0,157.23,109.0,624.87,568.0,20.41,0.0,341.03,275.0,252.54,364.0,51.01,665.0,150.0,51.0,19.23,19.23,14.39,26.0,20.0,9.0,343.0,2.0,1.0
8477465,2024,Tristan Jarry,PIT,G,4on5,26,5935.0,13.72,15.0,175.0,7.95,6.0,19.79,17.0,92.79,96.0,0.29,0.0,56.62,50.0,29.78,43.0,13.36,89.0,25.0,17.0,2.68,2.76,8.28,1.0,2.0,12.0,44.0,0.0,0.0
8477465,2024,Tristan Jarry,PIT,G,5on4,26,6707.0,1.67,2.0,37.0,1.33,3.0,4.04,3.0,23.83,29.0,3.58,0.0,8.59,5.0,17.5,21.0,1.65,28.0,5.0,1.0,0.77,0.65,0.25,1.0,1.0,0.0,3.0,0.0,0.0
8477831,2024,Pheonix Copley,LAK,G,other,1,0.0,0.0,0.0,0.0,0.0,0.0,0.0,0.0,0.0,0.0,0.0,0.0,0.0,0.0,0.0,0.0,0.0,0.0,0.0,0.0,0.0,0.0,0.0,0.0,0.0,0.0,0.0,0.0,0.0
8477831,2024,Pheonix Copley,LAK,G,all,1,1649.0,1.01,2.0,16.0,0.71,1.0,1.89,1.0,9.47,12.0,0.48,0.0,4.45,5.0,3.67,3.0,0.94,7.0,3.0,2.0,0.16,0.34,0.51,1.0,1.0,0.0,4.0,0.0,0.0
8477831,2024,Pheonix Copley,LAK,G,5on5,1,1142.0,0.24,0.0,9.0,0.26,0.0,0.98,1.0,4.53,6.0,0.35,0.0,2.51,4.0,1.87,1.0,0.24,5.0,1.0,0.0,0.13,0.12,0.0,0.0,0.0,0.0,3.0,0.0,0.0
8477831,2024,Pheonix Copley,LAK,G,4on5,1,147.0,0.64,2.0,5.0,0.38,1.0,0.73,0.0,3.43,4.0,0.0,0.0,1.46,1.0,0.69,0.0,0.57,1.0,1.0,2.0,0.03,0.1,0.51,1.0,1.0,0.0,1.0,0.0,0.0
8477831,2024,Pheonix Copley,LAK,G,5on4,1,360.0,0.13,0.0,2.0,0.06,0.0,0.18,0.0,1.5,2.0,0.13,0.0,0.48,0.0,1.11,2.0,0.13,1.0,1.0,0.0,0.01,0.12,0.0,0.0,0.0,0.0,0.0,0.0,0.0
8481519,2024,Spencer Knight,CHI,G,other,27,2628.0,4.47,4.0,64.0,2.85,6.0,8.13,5.0,36.79,38.0,0.82,0.0,21.66,23.0,11.5,12.0,4.21,35.0,10.0,5.0,1.26,1.27,1.93,1.0,1.0,2.0,14.0,0.0,0.0
8481519,2024,Spencer Knight,CHI,G,all,27,92352.0,70.86,61.0,1415.0,53.22,80.0,186.98,160.0,766.1,685.0,26.92,1.0,418.96,337.0,297.87,413.0,67.53,779.0,196.0,79.0,22.04,24.32,24.51,23.0,22.0,16.0,361.0,0.0,0.0
8481519,2024,Spencer Knight,CHI,G,5on5,27,77604.0,52.84,47.0,1162.0,41.23,58.0,156.82,139.0,623.17,548.0,22.38,1.0,341.72,272.0,248.35,344.0,50.91,652.0,154.0,56.0,18.06,19.04,15.73,22.0,16.0,9.0,300.0,0.0,0.0
8481519,2024,Spencer Knight,CHI,G,4on5,27,6272.0,10.77,8.0,157.0,7.96,12.0,18.47,14.0,84.46,74.0,0.65,0.0,48.6,35.0,25.31,44.0,10.27,76.0,25.0,13.0,2.35,3.15,5.27,0.0,3.0,5.0,43.0,0.0,0.0
8481519,2024,Spencer Knight,CHI,G,5on4,27,5848.0,2.25,2.0,24.0,0.83,4.0,2.61,1.0,16.37,19.0,2.93,0.0,4.65,5.0,10.04,9.0,1.59,11.0,6.0,4.0,0.14,0.77,1.34,0.0,2.0,0.0,3.0,0.0,0.0
8478007,2024,Elvis Merzlikins,CBJ,G,other,44,4075.0,11.61,12.0,149.0,5.47,6.0,14.8,12.0,74.07,66.0,1.2,0.0,41.8,43.0,23.7,26.0,10.3,60.0,24.0,16.0,2.62,3.11,5.89,1.0,6.0,5.0,49.0,0.0,0.0
8478007,2024,Elvis Merzlikins,CBJ,G,all,44,158636.0,133.54,134.0,2798.0,96.31,144.0,341.81,233.0,1409.41,1284.0,43.1,4.0,771.52,632.0,547.85,788.0,127.22,1435.0,353.0,151.0,40.32,44.32,48.88,52.0,44.0,38.0,859.0,6.0,3.0
8478007,2024,Elvis Merzlikins,CBJ,G,5on5,44,133259.0,95.53,87.0,2271.0,72.37,124.0,282.32,187.0,1121.5,1006.0,36.35,4.0,608.29,491.0,450.25,651.0,91.51,1181.0,266.0,100.0,32.58,33.67,29.27,45.0,27.0,15.0,724.0,6.0,3.0
8478007,2024,Elvis Merzlikins,CBJ,G,4on5,44,12048.0,23.94,32.0,340.0,17.16,14.0,41.06,33.0,189.67,186.0,1.22,0.0,113.29,91.0,57.17,89.0,22.96,172.0,55.0,32.0,4.49,6.48,12.97,4.0,10.0,18.0,81.0,0.0,0.0
8478007,2024,Elvis Merzlikins,CBJ,G,5on4,44,9254.0,2.18,3.0,33.0,1.07,0.0,2.99,0.0,21.49,24.0,4.21,0.0,6.69,4.0,15.43,22.0,2.18,20.0,6.0,3.0,0.59,0.84,0.75,2.0,1.0,0.0,4.0,0.0,0.0
8475311,2024,Darcy Kuemper,LAK,G,other,38,3799.0,9.17,11.0,121.0,5.6,10.0,14.81,12.0,72.29,67.0,0.92,0.0,40.33,31.0,23.65,31.0,8.32,55.0,31.0,10.0,1.87,3.76,3.54,2.0,6.0,3.0,25.0,0.0,0.0
8475311,2024,Darcy Kuemper,LAK,G,all,38,136359.0,96.83,82.0,2144.0,75.58,105.0,272.27,208.0,1117.09,997.0,38.5,4.0,608.28,474.0,439.53,659.0,93.2,1163.0,275.0,93.0,32.38,34.63,29.82,36.0,27.0,19.0,613.0,4.0,2.0
8475311,2024,Darcy Kuemper,LAK,G,5on5,38,112236.0,65.52,55.0,1708.0,53.63,72.0,218.23,166.0,859.68,761.0,31.79,4.0,468.21,362.0,352.54,531.0,63.82,940.0,192.0,56.0,25.3,24.37,15.85,30.0,15.0,10.0,520.0,4.0,2.0
8475311,2024,Darcy Kuemper,LAK,G,4on5,38,11576.0,19.76,13.0,280.0,15.13,19.0,35.51,30.0,161.5,145.0,0.84,0.0,91.95,76.0,48.21,78.0,18.75,150.0,41.0,25.0,4.67,5.18,9.92,4.0,4.0,5.0,64.0,0.0,0.0
8475311,2024,Darcy Kuemper,LAK,G,5on4,38,8748.0,1.95,2.0,30.0,0.94,3.0,3.0,0.0,19.84,20.0,4.61,0.0,6.04,4.0,13.45,17.0,1.89,15.0,9.0,2.0,0.4,1.04,0.51,0.0,1.0,1.0,4.0,0.0,0.0
8482487,2024,Jakub Dobes,MTL,G,other,12,1200.0,1.3,2.0,22.0,0.83,1.0,2.46,3.0,11.62,13.0,0.37,0.0,6.44,3.0,4.57,7.0,1.25,9.0,6.0,1.0,0.3,0.74,0.27,0.0,2.0,0.0,6.0,0.0,0.0
8482487,2024,Jakub Dobes,MTL,G,all,12,41253.0,35.68,31.0,748.0,24.18,36.0,93.5,83.0,376.42,333.0,10.81,1.0,203.34,142.0,148.52,225.0,33.2,388.0,92.0,38.0,11.47,11.73,12.47,12.0,14.0,5.0,230.0,0.0,0.0
8482487,2024,Jakub Dobes,MTL,G,5on5,12,35077.0,26.08,23.0,624.0,19.26,31.0,80.53,73.0,311.53,271.0,9.11,0.0,169.47,110.0,124.95,193.0,25.12,336.0,68.0,27.0,9.8,8.63,7.64,12.0,8.0,3.0,193.0,0.0,0.0
8482487,2024,Jakub Dobes,MTL,G,4on5,12,2358.0,7.0,5.0,80.0,3.45,4.0,8.4,6.0,40.66,35.0,0.12,0.0,22.42,24.0,11.48,15.0,5.61,33.0,12.0,9.0,1.16,1.61,4.23,0.0,3.0,2.0,26.0,0.0,0.0
8482487,2024,Jakub Dobes,MTL,G,5on4,12,2618.0,0.69,0.0,14.0,0.38,0.0,1.35,1.0,8.06,8.0,1.03,0.0,2.75,1.0,5.57,9.0,0.67,8.0,2.0,1.0,0.09,0.27,0.33,0.0,0.0,0.0,3.0,0.0,0.0
8481668,2024,Arturs Silovs,VAN,G,other,10,839.0,0.51,3.0,8.0,0.32,0.0,1.09,0.0,5.4,6.0,0.19,0.0,2.53,1.0,2.4,3.0,0.51,5.0,1.0,1.0,0.19,0.08,0.24,1.0,1.0,1.0,1.0,0.0,0.0
8481668,2024,Arturs Silovs,VAN,G,all,10,32551.0,22.83,33.0,497.0,17.21,25.0,64.08,45.0,261.18,238.0,7.54,0.0,143.79,123.0,103.4,133.0,21.97,282.0,52.0,26.0,7.99,6.61,8.23,19.0,7.0,7.0,137.0,2.0,1.0
8481668,2024,Arturs Silovs,VAN,G,5on5,10,26484.0,17.78,24.0,419.0,13.94,22.0,56.0,40.0,220.23,196.0,6.15,0.0,120.6,106.0,87.36,110.0,16.99,242.0,41.0,20.0,6.54,5.37,5.86,18.0,3.0,3.0,116.0,2.0,1.0
8481668,2024,Arturs Silovs,VAN,G,4on5,10,2713.0,3.94,4.0,63.0,2.67,3.0,6.35,5.0,30.32,30.0,0.23,0.0,19.0,15.0,9.98,16.0,3.87,31.0,7.0,5.0,1.02,0.79,2.13,0.0,1.0,3.0,20.0,0.0,0.0
8481668,2024,Arturs Silovs,VAN,G,5on4,10,2515.0,0.6,2.0,7.0,0.28,0.0,0.64,0.0,5.23,6.0,0.98,0.0,1.66,1.0,3.66,4.0,0.6,4.0,3.0,0.0,0.24,0.37,0.0,0.0,2.0,0.0,0.0,0.0,0.0
8481707,2024,Erik Portillo,LAK,G,other,1,91.0,0.19,0.0,4.0,0.13,0.0,0.44,0.0,1.64,1.0,0.04,0.0,0.89,1.0,0.3,1.0,0.17,1.0,1.0,0.0,0.05,0.14,0.0,0.0,0.0,0.0,2.0,0.0,0.0
8481707,2024,Erik Portillo,LAK,G,all,1,3517.0,2.74,1.0,59.0,2.33,5.0,8.63,6.0,35.68,29.0,0.89,0.0,20.03,18.0,14.08,19.0,2.55,37.0,10.0,2.0,1.13,1.14,0.47,0.0,1.0,0.0,10.0,0.0,0.0
8481707,2024,Erik Portillo,LAK,G,5on5,1,2826.0,1.71,1.0,46.0,1.6,3.0,6.75,5.0,27.11,21.0,0.7,0.0,15.51,14.0,11.5,15.0,1.64,32.0,5.0,1.0,0.93,0.54,0.23,0.0,1.0,0.0,8.0,0.0,0.0
8481707,2024,Erik Portillo,LAK,G,4on5,1,360.0,0.81,0.0,8.0,0.57,2.0,1.36,1.0,6.24,7.0,0.02,0.0,3.4,3.0,1.65,2.0,0.71,3.0,4.0,1.0,0.12,0.46,0.23,0.0,0.0,0.0,0.0,0.0,0.0
8481707,2024,Erik Portillo,LAK,G,5on4,1,240.0,0.03,0.0,1.0,0.03,0.0,0.08,0.0,0.69,0.0,0.13,0.0,0.23,0.0,0.63,1.0,0.03,1.0,0.0,0.0,0.03,0.0,0.0,0.0,0.0,0.0,0.0,0.0,0.0
8482123,2024,Drew Commesso,CHI,G,other,2,0.0,0.0,0.0,0.0,0.0,0.0,0.0,0.0,0.0,0.0,0.0,0.0,0.0,0.0,0.0,0.0,0.0,0.0,0.0,0.0,0.0,0.0,0.0,0.0,0.0,0.0,0.0,0.0,0.0
8482123,2024,Drew Commesso,CHI,G,all,2,4281.0,3.84,4.0,73.0,2.66,5.0,7.99,4.0,35.68,26.0,1.04,0.0,18.59,19.0,12.73,15.0,3.55,35.0,6.0,6.0,1.28,0.89,1.67,1.0,2.0,1.0,26.0,0.0,0.0
8482123,2024,Drew Commesso,CHI,G,5on5,2,3441.0,2.79,4.0,57.0,2.0,3.0,6.56,4.0,29.28,19.0,0.94,0.0,15.55,14.0,11.2,14.0,2.7,29.0,6.0,4.0,0.93,0.89,0.96,1.0,2.0,1.0,18.0,0.0,0.0
8482123,2024,Drew Commesso,CHI,G,4on5,2,480.0,1.06,0.0,16.0,0.66,2.0,1.42,0.0,6.39,7.0,0.03,0.0,3.04,5.0,1.53,1.0,0.86,6.0,0.0,2.0,0.35,0.0,0.71,0.0,0.0,0.0,8.0,0.0,0.0
8482123,2024,Drew Commesso,CHI,G,5on4,2,360.0,0.0,0.0,0.0,0.0,0.0,0.0,0.0,0.0,0.0,0.07,0.0,0.0,0.0,0.0,0.0,0.0,0.0,0.0,0.0,0.0,0.0,0.0,0.0,0.0,0.0,0.0,0.0,0.0
8480947,2024,Kevin Lankinen,VAN,G,other,43,3905.0,7.26,10.0,114.0,4.64,5.0,12.9,6.0,60.76,54.0,0.96,1.0,36.24,33.0,19.8,29.0,6.92,58.0,16.0,9.0,2.37,1.87,3.03,6.0,1.0,3.0,31.0,0.0,0.0
8480947,2024,Kevin Lankinen,VAN,G,all,43,153241.0,109.21,108.0,2459.0,83.61,114.0,308.5,222.0,1255.6,1125.0,40.76,5.0,692.25,582.0,502.39,713.0,104.23,1321.0,308.0,110.0,35.37,38.85,35.0,50.0,33.0,25.0,720.0,0.0,0.0
8480947,2024,Kevin Lankinen,VAN,G,5on5,43,126098.0,74.39,77.0,1948.0,59.35,79.0,247.78,178.0,966.42,853.0,33.05,3.0,530.82,454.0,398.9,556.0,71.72,1055.0,223.0,66.0,26.75,28.86,18.78,40.0,26.0,11.0,604.0,0.0,0.0
8480947,2024,Kevin Lankinen,VAN,G,4on5,43,12404.0,24.67,17.0,336.0,17.47,28.0,41.94,35.0,192.44,179.0,1.07,1.0,111.08,90.0,59.01,91.0,22.7,170.0,59.0,32.0,5.13,7.01,12.53,3.0,3.0,11.0,75.0,0.0,0.0
8480947,2024,Kevin Lankinen,VAN,G,5on4,43,10834.0,2.27,2.0,47.0,1.7,2.0,4.46,3.0,28.68,31.0,5.26,0.0,10.45,3.0,21.07,31.0,2.26,32.0,6.0,3.0,0.84,0.76,0.66,0.0,2.0,0.0,6.0,0.0,0.0
8477970,2024,Vitek Vanecek,FLA,G,other,20,1619.0,4.13,5.0,48.0,2.24,7.0,6.01,3.0,26.51,27.0,0.52,0.0,13.51,11.0,8.08,9.0,3.73,20.0,9.0,6.0,0.86,1.19,2.08,2.0,1.0,2.0,13.0,0.0,0.0
8477970,2024,Vitek Vanecek,FLA,G,all,20,65451.0,59.29,66.0,1208.0,44.49,80.0,150.9,104.0,631.11,587.0,17.29,0.0,350.03,280.0,249.61,344.0,56.04,652.0,151.0,73.0,18.29,18.12,22.88,24.0,27.0,15.0,332.0,0.0,0.0
8477970,2024,Vitek Vanecek,FLA,G,5on5,20,51851.0,41.65,45.0,946.0,33.04,65.0,122.88,87.0,494.15,454.0,14.03,0.0,273.76,212.0,200.68,278.0,39.61,529.0,114.0,46.0,15.03,13.85,12.78,20.0,20.0,5.0,257.0,0.0,0.0
8477970,2024,Vitek Vanecek,FLA,G,4on5,20,6843.0,11.66,14.0,183.0,8.27,8.0,19.02,10.0,92.14,89.0,0.37,0.0,56.6,52.0,29.33,44.0,10.87,87.0,23.0,18.0,1.93,2.56,7.16,1.0,5.0,8.0,55.0,0.0,0.0
8477970,2024,Vitek Vanecek,FLA,G,5on4,20,5138.0,1.24,2.0,22.0,0.6,0.0,2.01,3.0,13.52,14.0,2.15,0.0,4.12,2.0,9.63,11.0,1.23,14.0,2.0,2.0,0.39,0.22,0.64,1.0,1.0,0.0,4.0,0.0,0.0
8478406,2024,Mackenzie Blackwood,COL,G,other,47,3870.0,9.95,7.0,151.0,6.23,11.0,15.12,18.0,73.53,65.0,1.56,1.0,44.07,42.0,21.82,22.0,8.73,64.0,20.0,16.0,2.2,2.64,5.11,3.0,3.0,1.0,51.0,0.0,0.0
8478406,2024,Mackenzie Blackwood,COL,G,all,47,161355.0,124.43,112.0,2684.0,95.44,157.0,349.23,246.0,1414.25,1310.0,46.27,4.0,770.73,660.0,549.76,758.0,118.72,1460.0,348.0,129.0,41.38,43.64,39.41,55.0,32.0,25.0,747.0,2.0,1.0
8478406,2024,Mackenzie Blackwood,COL,G,5on5,47,132899.0,90.74,87.0,2151.0,70.64,120.0,287.1,194.0,1119.35,1030.0,37.14,2.0,604.21,506.0,445.28,625.0,87.58,1185.0,263.0,87.0,33.25,33.33,24.15,48.0,25.0,14.0,616.0,2.0,1.0
8478406,2024,Mackenzie Blackwood,COL,G,4on5,47,11566.0,20.13,15.0,323.0,16.72,22.0,41.21,32.0,183.64,176.0,1.38,0.0,110.39,107.0,57.12,76.0,18.91,176.0,54.0,22.0,4.98,6.38,8.78,3.0,3.0,9.0,71.0,0.0,0.0
8478406,2024,Mackenzie Blackwood,COL,G,5on4,47,13020.0,3.51,3.0,55.0,1.77,4.0,5.52,1.0,36.33,37.0,5.97,1.0,11.38,5.0,24.68,34.0,3.39,34.0,10.0,4.0,0.94,1.21,1.36,1.0,1.0,1.0,7.0,0.0,0.0
8480051,2024,Cayden Primeau,MTL,G,other,11,1194.0,2.56,3.0,36.0,1.21,0.0,2.61,4.0,15.42,16.0,0.48,0.0,9.3,8.0,4.84,5.0,2.5,10.0,9.0,2.0,0.44,1.22,0.91,0.0,2.0,1.0,15.0,0.0,0.0
8480051,2024,Cayden Primeau,MTL,G,all,11,31422.0,31.53,41.0,557.0,20.4,34.0,68.04,58.0,289.39,250.0,7.83,0.0,155.31,119.0,107.12,139.0,29.98,267.0,88.0,37.0,9.05,10.95,11.52,22.0,14.0,5.0,165.0,2.0,1.0
8480051,2024,Cayden Primeau,MTL,G,5on5,11,24401.0,20.95,33.0,419.0,14.69,27.0,53.45,41.0,218.9,187.0,6.15,0.0,116.73,84.0,83.89,112.0,20.23,216.0,57.0,24.0,7.04,7.25,6.66,18.0,11.0,4.0,122.0,2.0,1.0
8480051,2024,Cayden Primeau,MTL,G,4on5,11,3160.0,6.9,4.0,92.0,4.0,6.0,10.94,13.0,47.72,39.0,0.26,0.0,26.81,23.0,13.77,18.0,6.14,35.0,20.0,9.0,1.37,2.3,3.23,3.0,1.0,0.0,28.0,0.0,0.0
8480051,2024,Cayden Primeau,MTL,G,5on4,11,2667.0,1.12,1.0,10.0,0.49,1.0,1.04,0.0,7.35,8.0,0.94,0.0,2.46,4.0,4.62,4.0,1.11,6.0,2.0,2.0,0.2,0.18,0.73,1.0,0.0,0.0,0.0,0.0,0.0
8478492,2024,Ilya Samsonov,VGK,G,other,27,1828.0,4.07,1.0,52.0,2.27,2.0,5.22,5.0,26.34,18.0,0.3,0.0,15.87,16.0,6.68,11.0,3.67,17.0,12.0,6.0,0.74,1.36,1.98,0.0,1.0,0.0,17.0,0.0,0.0
8478492,2024,Ilya Samsonov,VGK,G,all,27,97240.0,76.25,76.0,1537.0,53.74,94.0,199.34,148.0,804.27,687.0,29.05,0.0,428.78,370.0,310.27,407.0,71.86,801.0,206.0,89.0,22.88,25.69,27.69,32.0,28.0,16.0,441.0,4.0,2.0
8478492,2024,Ilya Samsonov,VGK,G,5on5,27,85296.0,59.68,56.0,1311.0,44.26,78.0,175.02,132.0,686.11,589.0,25.42,0.0,363.4,307.0,270.92,363.0,56.56,703.0,168.0,66.0,19.32,21.43,18.93,29.0,20.0,7.0,374.0,4.0,2.0
8478492,2024,Ilya Samsonov,VGK,G,4on5,27,4978.0,10.53,15.0,147.0,6.31,12.0,16.19,9.0,74.53,61.0,0.36,0.0,43.77,42.0,22.7,24.0,9.95,67.0,22.0,13.0,2.45,2.49,5.59,1.0,6.0,8.0,45.0,0.0,0.0
8478492,2024,Ilya Samsonov,VGK,G,5on4,27,5138.0,0.6,1.0,15.0,0.39,0.0,1.25,1.0,9.28,9.0,2.95,0.0,2.82,2.0,6.69,8.0,0.59,9.0,2.0,1.0,0.16,0.2,0.23,1.0,0.0,0.0,3.0,0.0,0.0
8475683,2024,Sergei Bobrovsky,FLA,G,other,45,5277.0,10.27,7.0,139.0,5.71,6.0,16.6,10.0,78.54,72.0,1.78,0.0,44.27,39.0,26.47,44.0,9.32,72.0,20.0,14.0,2.63,2.54,5.1,2.0,2.0,3.0,33.0,0.0,0.0
8475683,2024,Sergei Bobrovsky,FLA,G,all,45,159291.0,116.92,111.0,2312.0,83.15,121.0,311.77,249.0,1266.14,1175.0,50.93,3.0,682.25,575.0,496.47,676.0,111.17,1318.0,282.0,133.0,35.68,34.61,46.62,41.0,43.0,27.0,579.0,2.0,1.0
8475683,2024,Sergei Bobrovsky,FLA,G,5on5,45,127895.0,76.02,74.0,1790.0,58.67,93.0,246.92,199.0,959.46,890.0,39.99,1.0,513.51,428.0,391.66,525.0,73.34,1034.0,209.0,76.0,28.2,25.75,22.07,35.0,32.0,7.0,471.0,2.0,1.0
8475683,2024,Sergei Bobrovsky,FLA,G,4on5,45,13148.0,28.67,28.0,344.0,17.64,21.0,43.98,39.0,201.58,183.0,1.19,0.0,115.69,99.0,60.32,85.0,26.63,185.0,48.0,40.0,4.12,5.79,18.77,3.0,8.0,17.0,71.0,0.0,0.0
8475683,2024,Sergei Bobrovsky,FLA,G,5on4,45,12971.0,1.4,2.0,33.0,0.92,1.0,3.62,0.0,23.31,26.0,7.8,2.0,7.41,7.0,16.93,21.0,1.38,25.0,5.0,1.0,0.62,0.54,0.24,1.0,1.0,0.0,2.0,0.0,0.0
8478024,2024,Ville Husso,ANA,G,other,11,739.0,0.41,2.0,15.0,0.4,0.0,1.7,1.0,6.8,7.0,0.3,0.0,3.59,2.0,2.7,4.0,0.3,8.0,1.0,0.0,0.25,0.17,0.0,2.0,0.0,0.0,6.0,0.0,0.0
8478024,2024,Ville Husso,ANA,G,all,11,31044.0,24.99,32.0,523.0,18.1,19.0,68.54,46.0,277.37,253.0,8.9,2.0,151.25,130.0,110.01,154.0,24.2,289.0,65.0,28.0,8.45,8.0,8.55,18.0,5.0,9.0,141.0,0.0,0.0
8478024,2024,Ville Husso,ANA,G,5on5,11,26046.0,19.04,20.0,452.0,15.25,16.0,61.49,45.0,241.24,215.0,7.37,2.0,132.97,115.0,97.19,137.0,18.57,258.0,57.0,19.0,7.16,6.95,4.94,12.0,5.0,3.0,118.0,0.0,0.0
8478024,2024,Ville Husso,ANA,G,4on5,11,1915.0,4.54,8.0,46.0,2.03,3.0,4.43,0.0,22.19,22.0,0.09,0.0,12.32,12.0,6.0,7.0,4.34,18.0,5.0,7.0,0.81,0.63,3.1,2.0,0.0,6.0,16.0,0.0,0.0
8478024,2024,Ville Husso,ANA,G,5on4,11,2344.0,0.64,1.0,7.0,0.3,0.0,0.52,0.0,4.65,6.0,1.13,0.0,1.51,1.0,2.91,4.0,0.64,4.0,1.0,1.0,0.18,0.15,0.3,1.0,0.0,0.0,1.0,0.0,0.0
8476932,2024,Anthony Stolarz,TOR,G,other,26,2329.0,6.57,7.0,73.0,3.11,6.0,6.92,8.0,36.59,39.0,0.81,0.0,21.63,19.0,9.49,9.0,3.88,29.0,9.0,11.0,0.97,1.06,4.54,1.0,2.0,4.0,24.0,0.0,0.0
8476932,2024,Anthony Stolarz,TOR,G,all,26,90209.0,74.62,60.0,1593.0,55.06,95.0,203.9,141.0,814.3,734.0,23.1,1.0,446.48,402.0,319.19,429.0,69.21,852.0,187.0,88.0,22.55,23.81,28.26,18.0,23.0,19.0,466.0,0.0,0.0
8476932,2024,Anthony Stolarz,TOR,G,5on5,26,71531.0,48.7,34.0,1229.0,38.85,76.0,160.72,106.0,611.44,549.0,17.39,1.0,332.58,294.0,247.26,339.0,46.68,669.0,123.0,57.0,17.47,15.69,15.52,13.0,14.0,7.0,380.0,0.0,0.0
8476932,2024,Anthony Stolarz,TOR,G,4on5,26,8809.0,15.92,17.0,250.0,11.33,11.0,31.11,27.0,136.32,113.0,0.71,0.0,81.74,82.0,43.4,51.0,15.32,128.0,42.0,18.0,3.25,5.02,7.64,4.0,5.0,8.0,62.0,0.0,0.0
8476932,2024,Anthony Stolarz,TOR,G,5on4,26,7540.0,2.98,2.0,35.0,1.54,2.0,4.21,0.0,25.42,29.0,4.0,0.0,8.55,6.0,16.79,25.0,2.89,22.0,11.0,2.0,0.63,1.81,0.55,0.0,2.0,0.0,0.0,0.0,0.0
8474593,2024,Jacob Markstrom,NJD,G,other,41,3406.0,6.17,6.0,100.0,4.0,6.0,11.16,8.0,52.22,44.0,1.3,0.0,32.19,30.0,16.72,21.0,5.43,44.0,19.0,9.0,1.79,1.96,2.42,4.0,1.0,1.0,28.0,0.0,0.0
8474593,2024,Jacob Markstrom,NJD,G,all,41,145526.0,103.41,99.0,2231.0,77.55,98.0,286.67,223.0,1158.63,1008.0,43.98,2.0,634.63,500.0,456.74,676.0,97.53,1202.0,291.0,105.0,34.82,35.83,32.77,51.0,32.0,16.0,633.0,0.0,0.0
8474593,2024,Jacob Markstrom,NJD,G,5on5,41,120971.0,72.35,74.0,1788.0,57.52,70.0,238.57,191.0,923.58,813.0,35.21,2.0,503.65,384.0,373.73,557.0,70.66,987.0,231.0,59.0,28.0,28.46,15.9,39.0,27.0,8.0,511.0,0.0,0.0
8474593,2024,Jacob Markstrom,NJD,G,4on5,41,11349.0,21.16,17.0,290.0,14.15,20.0,32.02,23.0,149.76,120.0,0.93,0.0,87.81,82.0,45.95,64.0,17.84,144.0,28.0,34.0,3.96,3.67,13.52,7.0,3.0,7.0,84.0,0.0,0.0
8474593,2024,Jacob Markstrom,NJD,G,5on4,41,9800.0,2.94,1.0,42.0,1.45,2.0,3.67,1.0,26.14,27.0,6.15,0.0,8.12,3.0,16.9,27.0,2.82,22.0,9.0,3.0,0.77,1.24,0.92,1.0,0.0,0.0,8.0,0.0,0.0
8478905,2024,Ivan Fedotov,PHI,G,other,22,1541.0,2.83,5.0,37.0,1.29,2.0,2.94,3.0,16.88,15.0,0.63,0.0,9.64,5.0,5.76,8.0,2.71,8.0,12.0,3.0,0.34,1.27,1.21,1.0,2.0,2.0,14.0,0.0,0.0
8478905,2024,Ivan Fedotov,PHI,G,all,22,73660.0,53.64,62.0,1169.0,38.91,58.0,142.71,119.0,588.86,539.0,20.09,1.0,319.08,230.0,241.75,345.0,51.52,596.0,174.0,46.0,17.44,21.56,14.65,27.0,25.0,10.0,353.0,0.0,0.0
8478905,2024,Ivan Fedotov,PHI,G,5on5,22,62348.0,40.84,48.0,991.0,32.03,49.0,125.28,104.0,498.32,461.0,16.69,1.0,272.89,200.0,205.13,291.0,39.23,531.0,129.0,33.0,14.83,16.13,9.87,23.0,21.0,4.0,298.0,0.0,0.0
8478905,2024,Ivan Fedotov,PHI,G,4on5,22,4346.0,7.46,8.0,100.0,4.21,7.0,10.62,10.0,49.92,39.0,0.39,0.0,27.53,20.0,15.44,22.0,7.07,34.0,24.0,9.0,1.21,2.98,3.27,2.0,2.0,4.0,33.0,0.0,0.0
8478905,2024,Ivan Fedotov,PHI,G,5on4,22,5425.0,1.58,0.0,24.0,0.82,0.0,2.26,2.0,14.59,15.0,2.16,0.0,5.1,4.0,10.7,15.0,1.58,15.0,5.0,1.0,0.68,0.6,0.3,0.0,0.0,0.0,3.0,0.0,0.0
8481033,2024,Akira Schmid,VGK,G,other,1,64.0,0.0,0.0,1.0,0.0,0.0,0.0,0.0,0.0,0.0,0.02,0.0,0.0,0.0,0.0,0.0,0.0,0.0,0.0,0.0,0.0,0.0,0.0,0.0,0.0,0.0,1.0,0.0,0.0
8481033,2024,Akira Schmid,VGK,G,all,1,2005.0,0.75,0.0,31.0,1.36,1.0,4.1,4.0,17.92,12.0,0.63,0.0,9.74,11.0,7.51,8.0,0.74,23.0,1.0,0.0,0.61,0.14,0.0,0.0,0.0,0.0,7.0,0.0,0.0
8481033,2024,Akira Schmid,VGK,G,5on5,1,1490.0,0.61,0.0,21.0,0.67,0.0,2.67,2.0,11.83,7.0,0.55,0.0,6.21,8.0,5.48,6.0,0.61,15.0,1.0,0.0,0.47,0.14,0.0,0.0,0.0,0.0,5.0,0.0,0.0
8481033,2024,Akira Schmid,VGK,G,4on5,1,296.0,0.14,0.0,9.0,0.69,1.0,1.43,2.0,6.09,5.0,0.0,0.0,3.53,3.0,2.03,2.0,0.13,8.0,0.0,0.0,0.14,0.0,0.0,0.0,0.0,0.0,1.0,0.0,0.0
8481033,2024,Akira Schmid,VGK,G,5on4,1,155.0,0.0,0.0,0.0,0.0,0.0,0.0,0.0,0.0,0.0,0.06,0.0,0.0,0.0,0.0,0.0,0.0,0.0,0.0,0.0,0.0,0.0,0.0,0.0,0.0,0.0,0.0,0.0,0.0
8474682,2024,Dustin Tokarski,CAR,G,other,6,698.0,0.86,0.0,15.0,0.41,1.0,1.57,3.0,7.29,7.0,0.23,0.0,3.78,1.0,3.16,5.0,0.79,9.0,0.0,1.0,0.34,0.0,0.52,0.0,0.0,0.0,5.0,0.0,0.0
8474682,2024,Dustin Tokarski,CAR,G,all,6,21499.0,11.75,13.0,300.0,9.93,12.0,36.65,34.0,150.96,132.0,7.02,1.0,81.77,54.0,61.89,94.0,11.37,160.0,38.0,9.0,4.05,4.75,2.94,7.0,5.0,1.0,93.0,0.0,0.0
8474682,2024,Dustin Tokarski,CAR,G,5on5,6,17234.0,9.0,12.0,242.0,7.67,8.0,29.41,26.0,117.84,99.0,5.57,0.0,64.05,41.0,47.92,75.0,8.88,125.0,32.0,5.0,3.33,4.09,1.57,7.0,4.0,1.0,80.0,0.0,0.0
8474682,2024,Dustin Tokarski,CAR,G,4on5,6,1755.0,1.01,1.0,34.0,1.52,1.0,4.65,5.0,19.24,19.0,0.23,0.0,11.87,12.0,6.32,7.0,0.98,21.0,4.0,1.0,0.33,0.44,0.24,0.0,1.0,0.0,8.0,0.0,0.0
8474682,2024,Dustin Tokarski,CAR,G,5on4,6,1812.0,0.87,0.0,9.0,0.33,2.0,1.01,0.0,6.59,7.0,0.98,1.0,2.07,0.0,4.49,7.0,0.72,5.0,2.0,2.0,0.04,0.22,0.61,0.0,0.0,0.0,0.0,0.0,0.0
8480843,2024,Lukas Dostal,ANA,G,other,43,4602.0,12.53,11.0,150.0,5.34,5.0,15.54,18.0,80.31,78.0,1.69,0.0,43.99,32.0,28.02,42.0,10.72,66.0,26.0,16.0,3.0,3.18,6.35,2.0,6.0,3.0,42.0,0.0,0.0
8480843,2024,Lukas Dostal,ANA,G,all,43,145734.0,137.73,119.0,2742.0,97.84,139.0,345.54,316.0,1439.91,1300.0,40.09,2.0,779.84,620.0,565.67,778.0,131.03,1437.0,393.0,145.0,42.31,49.38,46.04,38.0,49.0,32.0,767.0,0.0,0.0
8480843,2024,Lukas Dostal,ANA,G,5on5,43,118510.0,100.0,80.0,2201.0,73.42,107.0,284.33,254.0,1137.84,1005.0,31.59,2.0,615.94,500.0,455.05,624.0,96.42,1159.0,311.0,97.0,34.03,39.72,26.26,31.0,35.0,14.0,634.0,0.0,0.0
8480843,2024,Lukas Dostal,ANA,G,4on5,43,10806.0,21.61,24.0,331.0,16.99,26.0,39.53,41.0,183.27,179.0,0.85,0.0,106.5,80.0,57.31,76.0,20.36,176.0,43.0,29.0,4.08,4.81,12.71,4.0,6.0,14.0,83.0,0.0,0.0
8480843,2024,Lukas Dostal,ANA,G,5on4,43,11816.0,2.9,3.0,48.0,1.56,0.0,4.68,2.0,31.36,31.0,5.73,0.0,9.77,7.0,21.89,30.0,2.86,29.0,10.0,3.0,0.91,1.27,0.72,1.0,1.0,1.0,6.0,0.0,0.0
8482821,2024,Arvid Soderblom,CHI,G,other,32,2284.0,6.54,6.0,71.0,3.61,6.0,8.34,5.0,43.32,44.0,0.64,0.0,24.73,26.0,13.28,15.0,6.11,37.0,11.0,10.0,1.59,1.43,3.52,2.0,0.0,4.0,13.0,0.0,0.0
8482821,2024,Arvid Soderblom,CHI,G,all,32,111117.0,97.93,97.0,1946.0,72.81,109.0,250.58,181.0,1056.36,977.0,26.53,1.0,583.72,457.0,412.92,607.0,92.7,1094.0,257.0,102.0,32.35,33.61,31.96,44.0,31.0,22.0,493.0,0.0,0.0
8482821,2024,Arvid Soderblom,CHI,G,5on5,32,95013.0,71.19,79.0,1617.0,56.47,83.0,211.16,150.0,862.8,796.0,23.21,1.0,476.21,362.0,349.27,517.0,68.42,924.0,200.0,69.0,26.97,26.23,17.99,39.0,29.0,11.0,424.0,0.0,0.0
8482821,2024,Arvid Soderblom,CHI,G,4on5,32,8556.0,16.67,8.0,227.0,11.78,18.0,28.3,26.0,131.18,117.0,0.46,0.0,77.19,64.0,39.82,62.0,14.82,120.0,40.0,18.0,3.51,4.99,8.17,3.0,1.0,4.0,49.0,0.0,0.0
8482821,2024,Arvid Soderblom,CHI,G,5on4,32,5264.0,1.85,2.0,26.0,0.8,1.0,2.23,0.0,15.63,16.0,2.19,0.0,4.89,5.0,9.76,12.0,1.8,12.0,5.0,3.0,0.25,0.79,0.81,0.0,1.0,1.0,6.0,0.0,0.0
8476914,2024,Joonas Korpisalo,BOS,G,other,23,1744.0,6.22,3.0,68.0,3.11,5.0,7.41,7.0,37.66,35.0,0.86,0.0,21.57,21.0,12.27,17.0,5.46,33.0,9.0,11.0,1.21,1.13,3.88,1.0,1.0,1.0,15.0,0.0,0.0
8476914,2024,Joonas Korpisalo,BOS,G,all,23,77590.0,59.17,60.0,1267.0,44.12,74.0,165.31,124.0,658.95,575.0,21.2,2.0,357.29,276.0,256.45,370.0,56.87,692.0,151.0,63.0,18.87,19.74,20.57,25.0,20.0,15.0,361.0,0.0,0.0
8476914,2024,Joonas Korpisalo,BOS,G,5on5,23,64491.0,40.86,38.0,1020.0,32.49,56.0,137.91,101.0,522.53,449.0,15.92,2.0,283.11,223.0,207.78,300.0,39.55,566.0,117.0,37.0,15.35,15.39,10.12,18.0,13.0,7.0,300.0,0.0,0.0
8476914,2024,Joonas Korpisalo,BOS,G,4on5,23,6279.0,10.94,13.0,156.0,7.77,13.0,17.18,14.0,81.45,71.0,0.68,0.0,46.9,31.0,24.44,39.0,10.72,74.0,22.0,14.0,1.7,2.9,6.34,2.0,4.0,7.0,46.0,0.0,0.0
8476914,2024,Joonas Korpisalo,BOS,G,5on4,23,5076.0,1.06,5.0,22.0,0.72,0.0,2.68,2.0,16.53,19.0,3.62,0.0,5.41,1.0,11.56,14.0,1.05,19.0,2.0,1.0,0.61,0.21,0.24,4.0,1.0,0.0,0.0,0.0,0.0
8482447,2024,Leevi Merilinen,OTT,G,other,12,1262.0,2.73,2.0,37.0,1.33,3.0,4.01,6.0,19.59,24.0,0.48,0.0,10.55,7.0,6.67,8.0,2.51,17.0,5.0,4.0,0.68,0.65,1.4,1.0,0.0,1.0,11.0,0.0,0.0
8482447,2024,Leevi Merilinen,OTT,G,all,12,39779.0,28.75,22.0,610.0,19.6,32.0,77.0,71.0,310.3,295.0,11.26,1.0,164.68,125.0,125.21,176.0,26.54,320.0,76.0,30.0,8.77,9.67,10.32,8.0,6.0,8.0,184.0,0.0,0.0
8482447,2024,Leevi Merilinen,OTT,G,5on5,12,31817.0,17.36,17.0,481.0,14.25,21.0,62.06,55.0,235.34,220.0,8.55,1.0,127.86,100.0,98.12,135.0,16.8,262.0,50.0,16.0,6.71,6.54,4.12,7.0,5.0,5.0,153.0,0.0,0.0
8482447,2024,Leevi Merilinen,OTT,G,4on5,12,3267.0,7.78,3.0,74.0,3.47,7.0,8.7,9.0,42.91,42.0,0.22,0.0,22.34,17.0,12.36,20.0,6.39,29.0,17.0,10.0,1.02,1.97,4.79,0.0,1.0,2.0,18.0,0.0,0.0
8482447,2024,Leevi Merilinen,OTT,G,5on4,12,3433.0,0.69,0.0,15.0,0.42,1.0,1.96,0.0,10.89,8.0,1.94,0.0,3.23,1.0,7.36,12.0,0.67,11.0,3.0,0.0,0.33,0.37,0.0,0.0,0.0,0.0,1.0,0.0,0.0
8480981,2024,Joel Hofer,STL,G,other,26,2242.0,3.4,4.0,55.0,2.14,2.0,5.73,7.0,29.69,32.0,0.85,2.0,17.94,14.0,10.79,14.0,3.3,24.0,15.0,2.0,0.88,1.64,0.88,2.0,2.0,0.0,14.0,0.0,0.0
8480981,2024,Joel Hofer,STL,G,all,26,82748.0,55.17,64.0,1335.0,44.34,54.0,167.57,169.0,685.49,646.0,20.79,4.0,382.44,299.0,279.37,365.0,53.01,730.0,178.0,44.0,20.33,21.09,13.74,24.0,30.0,10.0,383.0,2.0,1.0
8480981,2024,Joel Hofer,STL,G,5on5,26,70762.0,42.48,41.0,1126.0,34.92,45.0,142.3,149.0,564.41,528.0,16.8,1.0,311.57,244.0,232.67,303.0,40.98,616.0,133.0,34.0,16.68,16.01,9.79,15.0,20.0,6.0,343.0,2.0,1.0
8480981,2024,Joel Hofer,STL,G,4on5,26,4379.0,8.24,15.0,128.0,6.49,7.0,16.81,12.0,74.6,68.0,0.45,0.0,47.04,38.0,23.91,33.0,7.71,71.0,27.0,7.0,2.31,3.08,2.85,5.0,6.0,4.0,23.0,0.0,0.0
8480981,2024,Joel Hofer,STL,G,5on4,26,5365.0,0.94,3.0,25.0,0.74,0.0,2.57,1.0,16.08,17.0,2.58,1.0,5.41,3.0,11.8,15.0,0.9,19.0,2.0,1.0,0.46,0.25,0.23,2.0,1.0,0.0,3.0,0.0,0.0
8474596,2024,Jake Allen,NJD,G,other,26,2818.0,5.24,1.0,64.0,2.22,2.0,5.87,8.0,30.47,24.0,0.65,1.0,18.81,17.0,8.79,14.0,3.99,25.0,10.0,7.0,1.03,1.21,3.0,0.0,0.0,1.0,22.0,0.0,0.0
8474596,2024,Jake Allen,NJD,G,all,26,89536.0,83.25,63.0,1534.0,55.59,114.0,202.17,151.0,817.54,733.0,24.87,2.0,434.23,331.0,317.3,458.0,76.48,824.0,193.0,104.0,23.31,24.38,35.56,20.0,29.0,14.0,413.0,0.0,0.0
8474596,2024,Jake Allen,NJD,G,5on5,26,73909.0,59.12,46.0,1273.0,42.87,88.0,173.0,134.0,668.16,600.0,19.53,0.0,358.83,279.0,265.8,374.0,56.09,699.0,155.0,69.0,19.37,19.75,20.01,18.0,22.0,6.0,350.0,0.0,0.0
8474596,2024,Jake Allen,NJD,G,4on5,26,6160.0,16.43,13.0,159.0,9.18,22.0,19.29,8.0,92.78,80.0,0.65,0.0,48.48,28.0,25.41,51.0,14.03,78.0,18.0,26.0,2.24,2.13,12.07,1.0,5.0,7.0,37.0,0.0,0.0
8474596,2024,Jake Allen,NJD,G,5on4,26,6649.0,2.07,2.0,33.0,1.14,2.0,3.48,1.0,22.94,25.0,3.89,1.0,6.77,6.0,15.84,18.0,1.99,21.0,7.0,2.0,0.62,0.96,0.49,1.0,1.0,0.0,3.0,0.0,0.0
8476341,2024,Anton Forsberg,OTT,G,other,23,2370.0,4.6,4.0,48.0,1.85,3.0,5.45,6.0,26.23,26.0,0.79,0.0,14.65,11.0,7.56,11.0,4.38,20.0,9.0,6.0,0.8,1.19,2.61,1.0,3.0,0.0,13.0,0.0,0.0
8476341,2024,Anton Forsberg,OTT,G,all,23,76368.0,60.87,59.0,1220.0,40.53,56.0,150.88,107.0,628.77,567.0,20.64,1.0,337.92,239.0,245.23,393.0,58.57,626.0,153.0,77.0,17.33,19.26,24.29,16.0,25.0,18.0,364.0,0.0,0.0
8476341,2024,Anton Forsberg,OTT,G,5on5,23,62152.0,40.09,40.0,987.0,30.35,44.0,126.18,89.0,499.14,446.0,16.79,1.0,270.31,185.0,201.51,326.0,38.94,527.0,112.0,46.0,14.25,14.14,11.7,14.0,18.0,8.0,302.0,0.0,0.0
8476341,2024,Anton Forsberg,OTT,G,4on5,23,5668.0,14.44,13.0,157.0,7.43,9.0,17.02,10.0,86.79,77.0,0.56,0.0,47.83,40.0,25.62,42.0,13.53,66.0,25.0,24.0,1.79,2.88,9.77,0.0,3.0,10.0,42.0,0.0,0.0
8476341,2024,Anton Forsberg,OTT,G,5on4,23,6178.0,1.36,1.0,24.0,0.76,0.0,1.74,1.0,14.23,15.0,2.49,0.0,4.15,2.0,9.61,14.0,1.35,12.0,5.0,1.0,0.42,0.73,0.21,1.0,0.0,0.0,6.0,0.0,0.0
8475831,2024,Philipp Grubauer,SEA,G,other,23,1856.0,2.87,0.0,42.0,1.5,3.0,5.22,5.0,23.95,18.0,0.47,0.0,13.33,10.0,9.25,15.0,2.66,22.0,6.0,5.0,0.69,0.74,1.44,0.0,0.0,0.0,9.0,0.0,0.0
8475831,2024,Philipp Grubauer,SEA,G,all,23,76761.0,62.06,77.0,1345.0,46.62,55.0,169.71,136.0,694.21,601.0,21.25,2.0,386.4,331.0,274.64,363.0,59.56,729.0,165.0,69.0,20.67,20.91,20.48,31.0,33.0,13.0,382.0,0.0,0.0
8475831,2024,Philipp Grubauer,SEA,G,5on5,23,64888.0,47.32,66.0,1128.0,36.91,44.0,145.86,110.0,578.02,499.0,18.24,2.0,319.46,271.0,233.85,311.0,45.94,623.0,135.0,45.0,17.7,17.07,12.55,30.0,30.0,6.0,325.0,0.0,0.0
8475831,2024,Philipp Grubauer,SEA,G,4on5,23,4312.0,10.79,11.0,158.0,7.68,8.0,17.15,21.0,81.14,74.0,0.37,0.0,50.38,46.0,24.2,27.0,9.86,75.0,21.0,17.0,2.09,2.62,6.08,1.0,3.0,7.0,45.0,0.0,0.0
8475831,2024,Philipp Grubauer,SEA,G,5on4,23,5705.0,1.09,0.0,17.0,0.53,0.0,1.49,0.0,11.09,10.0,2.17,0.0,3.23,4.0,7.33,10.0,1.09,9.0,3.0,2.0,0.2,0.48,0.41,0.0,0.0,0.0,3.0,0.0,0.0
